timestamp,Open,High,Low,Close,Volume
2024-03-05 12:00:00,1.1892,1.848,1.1892,1.3334,41926632.02
2024-03-05 16:00:00,1.3344,1.435,1.0,1.1376,34160458.97
2024-03-05 20:00:00,1.137,1.764,1.123,1.547,58391696.16
2024-03-06 00:00:00,1.5469,1.6362,1.42,1.5713,15171186.33
2024-03-06 04:00:00,1.5698,2.2498,1.5434,2.1324,61763059.09
2024-03-06 08:00:00,2.1317,2.1781,1.9813,2.1257,35984599.45
2024-03-06 12:00:00,2.1252,2.29,1.8499,2.043,47586119.38
2024-03-06 16:00:00,2.0424,2.1068,1.7793,1.8696,20757556.83
2024-03-06 20:00:00,1.8694,1.9718,1.8,1.845,13306180.13
2024-03-07 00:00:00,1.846,1.8788,1.7161,1.7368,12662150.93
2024-03-07 04:00:00,1.7335,1.8017,1.646,1.6986,11258575.13
2024-03-07 08:00:00,1.699,1.9,1.6953,1.7877,20052933.65
2024-03-07 12:00:00,1.788,1.88,1.726,1.8454,12106958.59
2024-03-07 16:00:00,1.8459,1.893,1.719,1.814,11614193.85
2024-03-07 20:00:00,1.8133,1.8184,1.7017,1.7082,5822806.16
2024-03-08 00:00:00,1.7066,2.1062,1.6974,2.0358,19513790.66
2024-03-08 04:00:00,2.0359,2.181,1.9317,2.0073,22456086.1
2024-03-08 08:00:00,2.0055,2.279,1.9897,2.2403,22916272.4
2024-03-08 12:00:00,2.2403,2.3796,1.9777,2.1,31665493.43
2024-03-08 16:00:00,2.0997,2.37,2.0385,2.2498,20091976.07
2024-03-08 20:00:00,2.2498,2.3269,2.15,2.1575,5637671.11
2024-03-09 00:00:00,2.1574,2.2455,2.0768,2.1267,11726635.64
2024-03-09 04:00:00,2.1269,2.1542,2.0755,2.1,6431267.02
2024-03-09 08:00:00,2.1001,2.1528,2.0449,2.0661,9056306.75
2024-03-09 12:00:00,2.0663,2.1714,2.022,2.11,9533116.41
2024-03-09 16:00:00,2.1096,2.1667,2.0558,2.1579,9819313.27
2024-03-09 20:00:00,2.1577,2.206,2.1232,2.168,5784249.74
2024-03-10 00:00:00,2.1685,2.2044,2.078,2.1096,5861856.32
2024-03-10 04:00:00,2.11,2.3409,2.0955,2.2713,11808071.91
2024-03-10 08:00:00,2.2714,2.4956,2.2137,2.3958,17771681.5
2024-03-10 12:00:00,2.3959,2.3988,2.15,2.1524,10857793.23
2024-03-10 16:00:00,2.1533,2.2492,2.1242,2.2126,8964799.49
2024-03-10 20:00:00,2.2121,2.2207,2.03,2.1353,7137448.45
2024-03-11 00:00:00,2.1359,2.1447,2.0,2.0908,7367015.74
2024-03-11 04:00:00,2.0903,2.2686,2.0505,2.2268,9191923.88
2024-03-11 08:00:00,2.2281,2.28,2.15,2.1554,8479175.73
2024-03-11 12:00:00,2.1552,2.17,2.065,2.0714,10440733.78
2024-03-11 16:00:00,2.0714,2.1073,2.0501,2.0738,5360116.46
2024-03-11 20:00:00,2.074,2.12,2.0445,2.1086,4210776.32
2024-03-12 00:00:00,2.1083,2.1156,1.9732,1.9854,6480820.36
2024-03-12 04:00:00,1.985,1.9974,1.861,1.88,13141225.22
2024-03-12 08:00:00,1.88,1.965,1.8475,1.9337,10370820.03
2024-03-12 12:00:00,1.9339,2.0266,1.8982,2.003,9025602.1
2024-03-12 16:00:00,2.0028,2.02,1.789,1.9775,12539341.63
2024-03-12 20:00:00,1.978,2.1839,1.9773,2.1639,8669691.81
2024-03-13 00:00:00,2.1643,2.2698,2.1299,2.1948,10853141.22
2024-03-13 04:00:00,2.194,2.3828,2.1805,2.3387,16142111.81
2024-03-13 08:00:00,2.3398,2.4,2.2,2.2334,11761134.07
2024-03-13 12:00:00,2.2329,2.463,2.1835,2.414,12724420.88
2024-03-13 16:00:00,2.414,2.688,2.4106,2.6146,26522007.79
2024-03-13 20:00:00,2.6141,2.77,2.5839,2.645,10901805.88
2024-03-14 00:00:00,2.645,3.0078,2.6445,2.9036,28300938.25
2024-03-14 04:00:00,2.9031,3.2946,2.8249,3.1226,27568777.78
2024-03-14 08:00:00,3.1226,3.4524,3.1032,3.2564,34530245.57
2024-03-14 12:00:00,3.2564,3.3444,3.01,3.3102,30336286.76
2024-03-14 16:00:00,3.3108,3.4581,2.9531,3.2158,28309958.34
2024-03-14 20:00:00,3.2155,3.33,3.0835,3.1568,14865678.66
2024-03-15 00:00:00,3.1569,3.5672,3.05,3.4157,30874605.41
2024-03-15 04:00:00,3.4156,3.509,3.105,3.1785,25501893.77
2024-03-15 08:00:00,3.18,3.1883,2.72,2.7592,45954173.75
2024-03-15 12:00:00,2.7591,3.0948,2.7,2.8911,25732082.1
2024-03-15 16:00:00,2.8911,3.1456,2.7998,2.9562,18957304.24
2024-03-15 20:00:00,2.957,2.9672,2.7126,2.8142,12540465.25
2024-03-16 00:00:00,2.8143,2.939,2.6473,2.7187,13816543.89
2024-03-16 04:00:00,2.7184,2.7511,2.4104,2.6171,26236110.43
2024-03-16 08:00:00,2.6167,2.7621,2.4957,2.5846,21206873.88
2024-03-16 12:00:00,2.5842,2.6139,2.4108,2.5496,20573051.36
2024-03-16 16:00:00,2.5505,2.6037,2.1761,2.1845,27195228.53
2024-03-16 20:00:00,2.1835,2.2806,2.0493,2.2289,21491217.74
2024-03-17 00:00:00,2.228,2.378,2.1801,2.3691,19054316.98
2024-03-17 04:00:00,2.3685,2.3962,2.1687,2.2674,11558406.69
2024-03-17 08:00:00,2.2669,2.7222,2.2507,2.5819,22684382.73
2024-03-17 12:00:00,2.5819,2.5836,2.3733,2.5508,16871154.39
2024-03-17 16:00:00,2.5509,2.9938,2.4876,2.9622,30368861.74
2024-03-17 20:00:00,2.9625,3.1533,2.9118,3.0393,23969139.39
2024-03-18 00:00:00,3.04,3.1036,2.8815,3.0153,18327395.93
2024-03-18 04:00:00,3.0161,3.0409,2.8473,2.8666,11116709.19
2024-03-18 08:00:00,2.8667,3.2871,2.5,3.2723,42302164.34
2024-03-18 12:00:00,3.2731,3.2983,2.7378,2.821,28768784.99
2024-03-18 16:00:00,2.8203,2.9352,2.615,2.669,18978911.12
2024-03-18 20:00:00,2.6682,2.7974,2.5005,2.5519,13711859.33
2024-03-19 00:00:00,2.5513,2.623,2.2609,2.3419,20448350.65
2024-03-19 04:00:00,2.3404,2.4324,2.1102,2.3938,24937282.86
2024-03-19 08:00:00,2.3937,2.4242,2.15,2.4106,28797251.22
2024-03-19 12:00:00,2.41,2.6688,2.3148,2.6522,27369840.83
2024-03-19 16:00:00,2.6502,2.745,2.5028,2.5069,19886549.47
2024-03-19 20:00:00,2.5074,2.5213,2.1708,2.3178,17857363.83
2024-03-20 00:00:00,2.3177,2.38,2.21,2.2419,15379684.54
2024-03-20 04:00:00,2.242,2.283,1.95,2.2425,30707016.57
2024-03-20 08:00:00,2.2414,2.3497,2.1526,2.1824,23108940.74
2024-03-20 12:00:00,2.1831,2.23,2.048,2.11,24047383.24
2024-03-20 16:00:00,2.1098,2.6475,2.018,2.582,29868457.49
2024-03-20 20:00:00,2.5817,2.745,2.5202,2.6042,23370054.62
2024-03-21 00:00:00,2.6042,2.6264,2.4597,2.4655,17030897.48
2024-03-21 04:00:00,2.4658,2.51,2.337,2.425,17402728.18
2024-03-21 08:00:00,2.4248,2.51,2.3781,2.4084,10432446.6
2024-03-21 12:00:00,2.4077,2.4627,2.31,2.3868,12378394.53
2024-03-21 16:00:00,2.3863,2.4625,2.2263,2.2822,14786421.85
2024-03-21 20:00:00,2.282,2.3577,2.25,2.2855,8889511.63
2024-03-22 00:00:00,2.2857,2.3456,2.2023,2.3404,13235778.88
2024-03-22 04:00:00,2.3402,2.4941,2.3024,2.3811,13230550.49
2024-03-22 08:00:00,2.3808,2.4049,2.2305,2.2479,8873974.67
2024-03-22 12:00:00,2.2477,2.3466,2.1173,2.2507,21121006.65
2024-03-22 16:00:00,2.2508,2.2611,2.1675,2.2353,9505895.17
2024-03-22 20:00:00,2.2353,2.2428,2.11,2.2315,11597314.43
2024-03-23 00:00:00,2.2314,2.2719,2.1374,2.158,8733385.5
2024-03-23 04:00:00,2.1576,2.311,2.151,2.2839,9166815.93
2024-03-23 08:00:00,2.2839,2.3382,2.2336,2.3039,9645257.1
2024-03-23 12:00:00,2.3043,2.3536,2.2472,2.2747,13494514.69
2024-03-23 16:00:00,2.275,2.4747,2.2463,2.3504,16975443.42
2024-03-23 20:00:00,2.3504,2.4,2.2762,2.2779,11547278.32
2024-03-24 00:00:00,2.2782,2.3265,2.2432,2.2627,5182873.49
2024-03-24 04:00:00,2.2629,2.2782,2.22,2.2567,5483222.62
2024-03-24 08:00:00,2.2569,2.29,2.2354,2.2667,4853882.58
2024-03-24 12:00:00,2.2669,2.5099,2.2557,2.4377,12657809.69
2024-03-24 16:00:00,2.4376,2.5985,2.3508,2.5656,15178514.2
2024-03-24 20:00:00,2.5656,2.8537,2.5414,2.8202,24710820.96
2024-03-25 00:00:00,2.8203,2.83,2.7016,2.7767,18537842.52
2024-03-25 04:00:00,2.7764,2.8599,2.7219,2.7645,11209619.51
2024-03-25 08:00:00,2.764,2.9979,2.6568,2.679,23312789.66
2024-03-25 12:00:00,2.6791,2.95,2.6268,2.9141,27171977.56
2024-03-25 16:00:00,2.9136,2.929,2.7184,2.7558,13690463.84
2024-03-25 20:00:00,2.7548,2.7828,2.66,2.684,8156308.68
2024-03-26 00:00:00,2.6839,2.7467,2.6637,2.7337,5764341.5
2024-03-26 04:00:00,2.7336,2.9762,2.7191,2.9329,17148166.4
2024-03-26 08:00:00,2.9342,3.2625,2.91,3.1656,25277366.64
2024-03-26 12:00:00,3.1656,3.3316,3.0532,3.2226,22697310.73
2024-03-26 16:00:00,3.223,3.3862,3.0438,3.2005,21282244.74
2024-03-26 20:00:00,3.2003,3.3669,3.1456,3.2483,11679071.23
2024-03-27 00:00:00,3.2499,3.4644,3.1828,3.2877,18506555.8
2024-03-27 04:00:00,3.2875,3.4093,3.201,3.2562,12969088.72
2024-03-27 08:00:00,3.2567,3.2894,3.1018,3.2003,11562513.88
2024-03-27 12:00:00,3.2002,3.3852,2.9969,3.0296,28604307.94
2024-03-27 16:00:00,3.0304,3.188,2.9859,3.1009,12655136.1
2024-03-27 20:00:00,3.1008,3.1785,3.0084,3.0512,7187496.11
2024-03-28 00:00:00,3.0515,3.2879,2.9199,2.9993,19789840.54
2024-03-28 04:00:00,2.9992,3.1356,2.9893,3.1111,6376623.36
2024-03-28 08:00:00,3.1112,3.1782,3.014,3.1329,9252895.47
2024-03-28 12:00:00,3.132,3.3952,3.0364,3.3192,19712010.88
2024-03-28 16:00:00,3.3198,3.6758,3.29,3.6641,22391296.33
2024-03-28 20:00:00,3.664,3.987,3.6186,3.7521,36508029.31
2024-03-29 00:00:00,3.7521,4.0403,3.7235,3.7907,23825967.32
2024-03-29 04:00:00,3.7897,3.8,3.55,3.563,12124267.58
2024-03-29 08:00:00,3.5623,3.7752,3.5028,3.682,15838237.88
2024-03-29 12:00:00,3.6821,3.7821,3.5725,3.709,13633183.74
2024-03-29 16:00:00,3.709,4.2485,3.7066,4.1912,24489442.71
2024-03-29 20:00:00,4.19,4.19,3.8781,3.9197,14376657.87
2024-03-30 00:00:00,3.9197,4.35,3.9173,4.2786,15719194.33
2024-03-30 04:00:00,4.2785,4.65,4.2785,4.5476,25798370.34
2024-03-30 08:00:00,4.5475,4.69,4.446,4.6161,18688528.33
2024-03-30 12:00:00,4.6158,4.6213,4.265,4.3366,15867729.77
2024-03-30 16:00:00,4.3369,4.3899,4.1202,4.3235,12218357.43
2024-03-30 20:00:00,4.3222,4.3247,4.2096,4.2673,4706501.24
2024-03-31 00:00:00,4.2673,4.4327,4.1842,4.233,10750549.51
2024-03-31 04:00:00,4.2328,4.65,4.2001,4.5823,10183369.25
2024-03-31 08:00:00,4.583,4.8537,4.5793,4.7735,20210062.71
2024-03-31 12:00:00,4.7753,4.7884,4.6104,4.7259,9353768.37
2024-03-31 16:00:00,4.7262,4.86,4.6278,4.7514,8556193.15
2024-03-31 20:00:00,4.7507,4.7583,4.5227,4.5773,10537020.42
2024-04-01 00:00:00,4.5773,4.6499,4.4336,4.4457,8538349.45
2024-04-01 04:00:00,4.4456,4.5076,4.2175,4.392,12925565.07
2024-04-01 08:00:00,4.3922,4.4948,4.2774,4.3347,8551766.38
2024-04-01 12:00:00,4.3341,4.4794,3.9616,4.0063,19872093.57
2024-04-01 16:00:00,4.0073,4.3633,3.9905,4.3289,16035728.97
2024-04-01 20:00:00,4.3292,4.3636,4.2022,4.221,7423000.35
2024-04-02 00:00:00,4.2206,4.2466,3.8002,3.8315,17820519.97
2024-04-02 04:00:00,3.831,4.0397,3.7837,3.8369,14073092.13
2024-04-02 08:00:00,3.8382,3.8965,3.6599,3.8422,15088800.52
2024-04-02 12:00:00,3.8422,4.09,3.6722,3.8698,22148056.87
2024-04-02 16:00:00,3.8697,4.15,3.8461,4.0535,13541888.51
2024-04-02 20:00:00,4.0534,4.0692,3.82,3.8471,5879598.12
2024-04-03 00:00:00,3.8463,4.1389,3.6,4.0359,20375032.8
2024-04-03 04:00:00,4.0333,4.1705,3.9631,4.0749,10368882.32
2024-04-03 08:00:00,4.0743,4.1482,3.7659,3.8924,13780254.36
2024-04-03 12:00:00,3.893,4.05,3.7796,3.8836,11207417.1
2024-04-03 16:00:00,3.8837,3.95,3.65,3.6783,10908651.36
2024-04-03 20:00:00,3.6811,3.7109,3.6063,3.6262,5417429.38
2024-04-04 00:00:00,3.6262,3.8245,3.6184,3.694,8308219.02
2024-04-04 04:00:00,3.6939,3.88,3.511,3.8147,14436812.03
2024-04-04 08:00:00,3.8158,3.9722,3.7934,3.8865,8576996.98
2024-04-04 12:00:00,3.8869,4.0395,3.7536,3.8208,13670180.65
2024-04-04 16:00:00,3.8208,3.9652,3.6589,3.6711,11305761.42
2024-04-04 20:00:00,3.6713,3.6755,3.4633,3.545,12139702.63
2024-04-05 00:00:00,3.544,3.6051,3.3154,3.4168,13289404.01
2024-04-05 04:00:00,3.4163,3.4166,3.2217,3.3186,11582990.67
2024-04-05 08:00:00,3.3185,3.367,3.2097,3.2224,9695941.3
2024-04-05 12:00:00,3.2238,3.4762,3.1858,3.3551,15097353.46
2024-04-05 16:00:00,3.3556,3.3928,3.2137,3.3291,7821889.4
2024-04-05 20:00:00,3.3299,3.4021,3.2079,3.2189,4745960.65
2024-04-06 00:00:00,3.2188,3.3767,3.1889,3.3289,6478732.53
2024-04-06 04:00:00,3.3285,3.417,3.2505,3.3716,7111404.71
2024-04-06 08:00:00,3.3709,3.4677,3.2551,3.2735,8825620.52
2024-04-06 12:00:00,3.2723,3.3875,3.2089,3.3813,6836810.8
2024-04-06 16:00:00,3.381,3.3925,3.2505,3.2915,4731503.57
2024-04-06 20:00:00,3.2907,3.5881,3.2772,3.5678,9818012.84
2024-04-07 00:00:00,3.5672,3.7421,3.4477,3.64,12518375.57
2024-04-07 04:00:00,3.6393,3.8031,3.5661,3.5954,12893343.89
2024-04-07 08:00:00,3.5956,3.6885,3.5004,3.63,8876882.67
2024-04-07 12:00:00,3.6299,3.7151,3.5694,3.6314,8318658.61
2024-04-07 16:00:00,3.6328,3.9028,3.6181,3.7864,15970331.62
2024-04-07 20:00:00,3.7861,3.83,3.6694,3.759,6425352.33
2024-04-08 00:00:00,3.7598,3.8477,3.6277,3.6557,6746447.74
2024-04-08 04:00:00,3.6561,3.99,3.6401,3.9612,9085710.18
2024-04-08 08:00:00,3.9626,4.2825,3.9537,4.1626,22554922.86
2024-04-08 12:00:00,4.1624,4.258,4.095,4.1805,11199156.22
2024-04-08 16:00:00,4.1812,4.2951,4.1507,4.2135,5758516.3
2024-04-08 20:00:00,4.2147,4.3432,4.1557,4.2025,6191145.73
2024-04-09 00:00:00,4.2029,4.2155,4.0465,4.0654,8026271.53
2024-04-09 04:00:00,4.0654,4.1196,3.95,3.9588,11012052.66
2024-04-09 08:00:00,3.9589,4.0333,3.8403,3.9831,10441772.13
2024-04-09 12:00:00,3.984,3.9995,3.59,3.688,18641155.94
2024-04-09 16:00:00,3.6885,3.6913,3.535,3.5824,8927838.23
2024-04-09 20:00:00,3.582,3.67,3.5203,3.5857,5657435.1
2024-04-10 00:00:00,3.5858,3.6385,3.35,3.4482,10408067.97
2024-04-10 04:00:00,3.4483,3.5541,3.3979,3.5066,10195597.8
2024-04-10 08:00:00,3.5062,3.5258,3.385,3.4849,10590137.79
2024-04-10 12:00:00,3.4853,3.5686,3.2833,3.4806,21145942.49
2024-04-10 16:00:00,3.4802,3.6193,3.3929,3.5366,12784476.8
2024-04-10 20:00:00,3.537,3.7039,3.4478,3.6212,7578849.76
2024-04-11 00:00:00,3.6215,3.7028,3.5359,3.6208,8728168.63
2024-04-11 04:00:00,3.621,3.8579,3.5814,3.7982,10547583.2
2024-04-11 08:00:00,3.7993,3.8067,3.5263,3.5377,8313414.58
2024-04-11 12:00:00,3.5383,3.6583,3.4786,3.5799,9579384.7
2024-04-11 16:00:00,3.5801,3.6329,3.488,3.5766,6368650.24
2024-04-11 20:00:00,3.5767,3.5996,3.4293,3.4556,3864221.78
2024-04-12 00:00:00,3.4561,3.562,3.42,3.5549,3927493.78
2024-04-12 04:00:00,3.5535,3.557,3.4,3.4018,3925880.02
2024-04-12 08:00:00,3.4018,3.4572,3.3517,3.3896,6133250.04
2024-04-12 12:00:00,3.3892,3.3892,3.1052,3.135,18349250.44
2024-04-12 16:00:00,3.1351,3.1587,2.4048,2.7247,55427227.7
2024-04-12 20:00:00,2.7241,2.8564,2.575,2.6583,18140777.81
2024-04-13 00:00:00,2.6583,2.6747,2.4072,2.5713,18580005.18
2024-04-13 04:00:00,2.5712,2.6902,2.5426,2.6212,12661628.23
2024-04-13 08:00:00,2.6211,2.8236,2.602,2.7516,11892782.6
2024-04-13 12:00:00,2.7515,2.8874,2.7292,2.7479,12620350.28
2024-04-13 16:00:00,2.7466,2.7637,2.19,2.2838,32141966.16
2024-04-13 20:00:00,2.2841,2.4942,1.9489,2.3273,66711858.62
2024-04-14 00:00:00,2.3273,2.4888,2.2395,2.3584,28213463.14
2024-04-14 04:00:00,2.3582,2.745,2.3274,2.6831,26327198.3
2024-04-14 08:00:00,2.6828,2.845,2.6427,2.6955,23061299.04
2024-04-14 12:00:00,2.6951,2.8795,2.66,2.8157,23661844.59
2024-04-14 16:00:00,2.8156,3.045,2.6702,2.8334,44744489.54
2024-04-14 20:00:00,2.8343,3.1198,2.746,3.0617,21189046.96
2024-04-15 00:00:00,3.0609,3.0614,2.8323,2.851,12875966.89
2024-04-15 04:00:00,2.8511,3.1048,2.8038,3.071,15927574.25
2024-04-15 08:00:00,3.071,3.16,2.9216,2.9313,15371589.78
2024-04-15 12:00:00,2.9312,2.97,2.7088,2.7799,25703346.42
2024-04-15 16:00:00,2.7802,2.8212,2.4549,2.6569,34429174.56
2024-04-15 20:00:00,2.6572,2.79,2.5678,2.7486,14662835.11
2024-04-16 00:00:00,2.7488,2.8001,2.6062,2.6202,13530419.96
2024-04-16 04:00:00,2.6205,2.7466,2.5168,2.697,20603101.14
2024-04-16 08:00:00,2.6962,2.6997,2.4718,2.5985,21173693.76
2024-04-16 12:00:00,2.5982,2.6357,2.4435,2.4589,20206271.31
2024-04-16 16:00:00,2.4581,2.7574,2.41,2.5863,23219352.07
2024-04-16 20:00:00,2.586,2.7661,2.5805,2.679,7926885.07
2024-04-17 00:00:00,2.6781,2.735,2.5976,2.6661,6814966.65
2024-04-17 04:00:00,2.666,2.7924,2.6242,2.6262,12674455.84
2024-04-17 08:00:00,2.6272,2.6394,2.5007,2.5134,11085200.04
2024-04-17 12:00:00,2.5134,2.5528,2.3232,2.3955,24965746.17
2024-04-17 16:00:00,2.3956,2.5749,2.354,2.4738,19284321.26
2024-04-17 20:00:00,2.4738,2.537,2.412,2.4214,7525963.33
2024-04-18 00:00:00,2.422,2.5143,2.3333,2.4724,9840679.63
2024-04-18 04:00:00,2.472,2.4893,2.2557,2.2938,13436311.22
2024-04-18 08:00:00,2.2938,2.5045,2.2458,2.4606,14690901.64
2024-04-18 12:00:00,2.4607,2.6264,2.4036,2.5406,19767253.05
2024-04-18 16:00:00,2.5411,2.7103,2.47,2.5935,17568215.95
2024-04-18 20:00:00,2.5937,2.6074,2.548,2.5667,4393650.58
2024-04-19 00:00:00,2.5668,2.5668,2.2517,2.5271,26464111.19
2024-04-19 04:00:00,2.5264,2.7848,2.4953,2.703,26050186.6
2024-04-19 08:00:00,2.7027,2.97,2.67,2.9124,20954023.54
2024-04-19 12:00:00,2.9125,3.0555,2.8774,3.0356,19888903.94
2024-04-19 16:00:00,3.035,3.0788,2.9479,3.0224,12473618.8
2024-04-19 20:00:00,3.0226,3.0351,2.8455,2.9205,11804960.55
2024-04-20 00:00:00,2.9203,2.9504,2.7929,2.8507,11426510.38
2024-04-20 04:00:00,2.8514,2.883,2.8157,2.832,5438890.31
2024-04-20 08:00:00,2.8321,2.8386,2.72,2.7617,10346905.5
2024-04-20 12:00:00,2.7619,2.8861,2.7152,2.8749,12240946.4
2024-04-20 16:00:00,2.875,3.0928,2.8152,3.0127,21312379.28
2024-04-20 20:00:00,3.0127,3.075,2.9407,3.0246,7422258.39
2024-04-21 00:00:00,3.0245,3.2125,2.941,3.1043,12371125.46
2024-04-21 04:00:00,3.103,3.1813,3.0631,3.1535,9091681.39
2024-04-21 08:00:00,3.1536,3.1799,3.0384,3.074,8840050.27
2024-04-21 12:00:00,3.0739,3.083,2.9619,2.9951,8074884.84
2024-04-21 16:00:00,2.9943,3.0022,2.8958,2.907,10540417.72
2024-04-21 20:00:00,2.9062,2.9832,2.8951,2.9283,5053889.96
2024-04-22 00:00:00,2.9274,3.0489,2.86,3.0061,11529589.16
2024-04-22 04:00:00,3.0055,3.0793,2.9392,2.9407,11588522.03
2024-04-22 08:00:00,2.941,2.9876,2.9,2.9252,8257244.34
2024-04-22 12:00:00,2.9252,2.9713,2.7916,2.8472,13945691.05
2024-04-22 16:00:00,2.8473,2.8982,2.7739,2.8887,9615562.42
2024-04-22 20:00:00,2.8896,2.9524,2.8752,2.9077,6122655.88
2024-04-23 00:00:00,2.9082,2.98,2.8424,2.8465,8152551.47
2024-04-23 04:00:00,2.8464,2.8724,2.746,2.7528,10553441.69
2024-04-23 08:00:00,2.7535,2.8664,2.7403,2.8444,7324015.37
2024-04-23 12:00:00,2.8441,3.1178,2.824,3.0472,18872579.61
2024-04-23 16:00:00,3.0472,3.11,3.0037,3.0637,9369154.08
2024-04-23 20:00:00,3.0648,3.08,2.9679,3.0147,6102747.98
2024-04-24 00:00:00,3.0146,3.3036,2.9733,3.2238,26012872.86
2024-04-24 04:00:00,3.2239,3.436,3.2052,3.379,22663274.32
2024-04-24 08:00:00,3.3785,3.5614,3.2833,3.5364,16925694.63
2024-04-24 12:00:00,3.5366,3.559,3.2156,3.2282,30314066.79
2024-04-24 16:00:00,3.2285,3.356,3.15,3.2595,20219104.18
2024-04-24 20:00:00,3.26,3.2968,3.03,3.101,13772717.38
2024-04-25 00:00:00,3.1012,3.1416,2.871,2.8953,17106582.29
2024-04-25 04:00:00,2.896,3.0068,2.8458,2.9364,16953907.0
2024-04-25 08:00:00,2.9373,2.9809,2.8469,2.9379,16827844.74
2024-04-25 12:00:00,2.9379,3.0798,2.87,3.0776,21766071.14
2024-04-25 16:00:00,3.0775,3.35,3.0549,3.2023,29525212.16
2024-04-25 20:00:00,3.2015,3.3083,3.1435,3.1481,9855266.9
2024-04-26 00:00:00,3.1479,3.1836,3.0051,3.0161,14039091.41
2024-04-26 04:00:00,3.016,3.064,2.953,2.9973,9094932.16
2024-04-26 08:00:00,2.9984,3.0726,2.9821,2.983,7719041.63
2024-04-26 12:00:00,2.983,3.09,2.9022,2.935,16520160.09
2024-04-26 16:00:00,2.9354,3.0065,2.9042,2.96,8731192.5
2024-04-26 20:00:00,2.9602,2.9819,2.8175,2.8469,5917759.6
2024-04-27 00:00:00,2.8468,2.861,2.6,2.7013,18854779.7
2024-04-27 04:00:00,2.7013,2.7208,2.6473,2.6889,7224068.95
2024-04-27 08:00:00,2.6892,2.6967,2.6139,2.6725,6156553.9
2024-04-27 12:00:00,2.6724,2.8057,2.6623,2.7375,12045018.84
2024-04-27 16:00:00,2.7372,2.8329,2.7144,2.7642,9137627.01
2024-04-27 20:00:00,2.7642,2.7831,2.7174,2.7666,3960913.35
2024-04-28 00:00:00,2.7672,2.8394,2.7514,2.7866,6697729.29
2024-04-28 04:00:00,2.787,2.8392,2.7587,2.7941,5787069.16
2024-04-28 08:00:00,2.7941,2.7956,2.7031,2.7104,5680672.84
2024-04-28 12:00:00,2.7103,2.7798,2.707,2.7524,5217036.44
2024-04-28 16:00:00,2.7522,2.7942,2.7415,2.7513,4199877.55
2024-04-28 20:00:00,2.751,2.758,2.6267,2.6515,5238295.25
2024-04-29 00:00:00,2.6514,2.7062,2.601,2.605,5184328.93
2024-04-29 04:00:00,2.6046,2.7012,2.584,2.6252,7353484.2
2024-04-29 08:00:00,2.626,2.7506,2.602,2.7321,9097840.44
2024-04-29 12:00:00,2.7315,2.7775,2.62,2.6822,11647782.59
2024-04-29 16:00:00,2.682,2.6869,2.5503,2.6477,7738239.41
2024-04-29 20:00:00,2.6476,2.814,2.615,2.7703,8821336.91
2024-04-30 00:00:00,2.771,2.8053,2.6464,2.669,6934928.12
2024-04-30 04:00:00,2.6688,2.6787,2.5974,2.6021,5591468.09
2024-04-30 08:00:00,2.6023,2.6117,2.4631,2.4736,10419646.66
2024-04-30 12:00:00,2.4734,2.5117,2.4027,2.4396,18172735.0
2024-04-30 16:00:00,2.4402,2.4506,2.3417,2.3998,12221685.03
2024-04-30 20:00:00,2.4002,2.5684,2.3985,2.5033,7798422.58
2024-05-01 00:00:00,2.5032,2.5394,2.4323,2.4689,7698612.84
2024-05-01 04:00:00,2.4689,2.4877,2.3,2.3075,13568301.62
2024-05-01 08:00:00,2.3075,2.4008,2.2641,2.3988,11883891.83
2024-05-01 12:00:00,2.3988,2.4969,2.35,2.3684,11359505.03
2024-05-01 16:00:00,2.3683,2.7191,2.3595,2.5405,31790091.68
2024-05-01 20:00:00,2.5414,2.63,2.5084,2.612,9654072.06
2024-05-02 00:00:00,2.6128,2.6259,2.5201,2.5388,4547254.94
2024-05-02 04:00:00,2.538,2.617,2.501,2.5943,5252606.11
2024-05-02 08:00:00,2.5943,2.7969,2.5863,2.7715,22835125.83
2024-05-02 12:00:00,2.7706,2.8453,2.6916,2.7476,23295041.78
2024-05-02 16:00:00,2.748,2.7697,2.6923,2.7296,9279662.27
2024-05-02 20:00:00,2.73,2.7826,2.6971,2.7321,4600484.0
2024-05-03 00:00:00,2.7314,2.8574,2.7222,2.8344,9291273.96
2024-05-03 04:00:00,2.8333,2.8596,2.74,2.7481,5548808.93
2024-05-03 08:00:00,2.748,2.8288,2.7171,2.8105,7130774.36
2024-05-03 12:00:00,2.8108,3.0242,2.7852,2.9624,21363571.43
2024-05-03 16:00:00,2.9627,3.0377,2.9335,2.958,8308290.64
2024-05-03 20:00:00,2.9569,3.163,2.9447,3.1092,12250471.02
2024-05-04 00:00:00,3.1093,3.2948,3.0814,3.2258,14556686.5
2024-05-04 04:00:00,3.2256,3.3799,3.2225,3.3146,12452305.77
2024-05-04 08:00:00,3.3146,3.456,3.2838,3.3622,13764871.93
2024-05-04 12:00:00,3.3614,3.4868,3.3318,3.3747,15233936.43
2024-05-04 16:00:00,3.3752,3.4783,3.323,3.4629,8155841.72
2024-05-04 20:00:00,3.4628,3.4668,3.3814,3.3924,4948959.34
2024-05-05 00:00:00,3.3925,3.4416,3.2529,3.3298,10080111.2
2024-05-05 04:00:00,3.3302,3.5,3.33,3.4663,8892129.42
2024-05-05 08:00:00,3.4662,3.4669,3.2832,3.3245,9011435.92
2024-05-05 12:00:00,3.3245,3.3818,3.2521,3.2764,9929527.0
2024-05-05 16:00:00,3.2766,3.2997,3.2012,3.2621,6165111.37
2024-05-05 20:00:00,3.2623,3.2712,3.1729,3.2202,4688734.14
2024-05-06 00:00:00,3.2202,3.2925,3.2099,3.2478,7256699.87
2024-05-06 04:00:00,3.2496,3.41,3.2357,3.3236,8786023.68
2024-05-06 08:00:00,3.3247,3.6799,3.3226,3.4767,25009446.91
2024-05-06 12:00:00,3.4774,3.4983,3.3,3.4304,21093649.76
2024-05-06 16:00:00,3.4298,3.464,3.3031,3.3478,11306904.09
2024-05-06 20:00:00,3.3472,3.4179,3.3283,3.3618,4409096.46
2024-05-07 00:00:00,3.3618,3.58,3.2647,3.3076,18448217.7
2024-05-07 04:00:00,3.307,3.3332,3.2104,3.2276,11105206.29
2024-05-07 08:00:00,3.228,3.3564,3.2211,3.2735,9782709.41
2024-05-07 12:00:00,3.2736,3.3214,3.2183,3.2562,7288600.85
2024-05-07 16:00:00,3.2562,3.3676,3.2277,3.2461,10354917.73
2024-05-07 20:00:00,3.2458,3.2776,2.9952,2.9994,16174428.24
2024-05-08 00:00:00,3.0,3.0168,2.8969,2.9603,15978087.14
2024-05-08 04:00:00,2.9604,2.9845,2.8555,2.9032,13704840.07
2024-05-08 08:00:00,2.9036,2.9565,2.8801,2.9029,7617516.63
2024-05-08 12:00:00,2.9041,2.9849,2.8512,2.8813,12744674.88
2024-05-08 16:00:00,2.8811,2.9463,2.8275,2.8671,7208750.35
2024-05-08 20:00:00,2.8672,2.8838,2.7358,2.7772,10812934.35
2024-05-09 00:00:00,2.7774,2.8994,2.7747,2.8751,6697742.21
2024-05-09 04:00:00,2.8741,2.945,2.8437,2.8687,8327014.44
2024-05-09 08:00:00,2.8683,2.9009,2.7872,2.8096,9316097.14
2024-05-09 12:00:00,2.8094,2.9418,2.7925,2.9214,10857394.57
2024-05-09 16:00:00,2.9209,3.0648,2.8748,3.0598,12993648.91
2024-05-09 20:00:00,3.06,3.1858,2.9911,3.1228,12382671.88
2024-05-10 00:00:00,3.1231,3.2031,3.0693,3.1916,10354768.25
2024-05-10 04:00:00,3.1915,3.2558,3.1479,3.196,12355325.01
2024-05-10 08:00:00,3.196,3.2299,3.1153,3.2078,8801689.49
2024-05-10 12:00:00,3.2084,3.22,2.9463,2.9908,21125724.84
2024-05-10 16:00:00,2.9907,3.0382,2.9005,2.9379,12663371.93
2024-05-10 20:00:00,2.9383,2.9992,2.9039,2.976,4587998.18
2024-05-11 00:00:00,2.9756,3.083,2.9756,2.9917,6212880.65
2024-05-11 04:00:00,2.992,3.0549,2.9892,3.0223,4684491.96
2024-05-11 08:00:00,3.0223,3.051,2.9855,3.0112,7160522.58
2024-05-11 12:00:00,3.0112,3.152,2.9933,3.1099,11551708.02
2024-05-11 16:00:00,3.11,3.1409,3.0256,3.0492,5672712.82
2024-05-11 20:00:00,3.0493,3.0532,2.998,3.0078,3242580.46
2024-05-12 00:00:00,3.0075,3.0386,2.9986,3.0065,2201630.43
2024-05-12 04:00:00,3.0065,3.028,2.945,2.9728,3664583.6
2024-05-12 08:00:00,2.9729,3.0379,2.9665,2.9897,3509497.67
2024-05-12 12:00:00,2.9901,3.0426,2.9578,3.0235,4532585.5
2024-05-12 16:00:00,3.0236,3.066,2.9649,2.9772,5186244.17
2024-05-12 20:00:00,2.977,2.9877,2.9301,2.972,2661324.26
2024-05-13 00:00:00,2.9726,3.0117,2.7533,2.8284,11259104.47
2024-05-13 04:00:00,2.8281,2.908,2.7566,2.9003,11877895.01
2024-05-13 08:00:00,2.9003,3.0042,2.8982,2.9347,13956793.7
2024-05-13 12:00:00,2.9347,3.2,2.9181,3.1443,23628116.57
2024-05-13 16:00:00,3.1443,3.3647,3.0593,3.1342,30310122.86
2024-05-13 20:00:00,3.1337,3.1387,2.9737,3.0093,7703432.12
2024-05-14 00:00:00,3.0084,3.0785,2.9377,2.9983,11099909.91
2024-05-14 04:00:00,2.9983,3.142,2.982,3.1219,16959208.98
2024-05-14 08:00:00,3.1222,3.1238,2.9911,3.0358,11360757.39
2024-05-14 12:00:00,3.0358,3.16,2.8088,2.8332,36627296.83
2024-05-14 16:00:00,2.8333,2.8556,2.7637,2.8138,14814190.9
2024-05-14 20:00:00,2.8132,2.8427,2.7682,2.7849,5998163.92
2024-05-15 00:00:00,2.785,2.8635,2.7523,2.8499,9880311.25
2024-05-15 04:00:00,2.8496,2.932,2.8122,2.931,10379378.89
2024-05-15 08:00:00,2.9309,3.0,2.8851,2.9126,14204252.62
2024-05-15 12:00:00,2.9133,3.0947,2.8414,2.8849,32471181.46
2024-05-15 16:00:00,2.8851,2.9693,2.8142,2.9561,18886579.96
2024-05-15 20:00:00,2.9556,3.0901,2.955,3.0494,13263278.46
2024-05-16 00:00:00,3.0499,3.15,2.948,3.0398,17023826.83
2024-05-16 04:00:00,3.0398,3.0562,2.9437,3.0172,11060170.11
2024-05-16 08:00:00,3.017,3.0409,2.945,2.9766,7378996.47
2024-05-16 12:00:00,2.9761,2.9762,2.76,2.8047,21033002.98
2024-05-16 16:00:00,2.8047,2.8628,2.7448,2.8317,11122008.73
2024-05-16 20:00:00,2.831,2.8625,2.8186,2.8424,3814341.43
2024-05-17 00:00:00,2.8425,2.8699,2.7768,2.8376,6608907.14
2024-05-17 04:00:00,2.8375,2.93,2.802,2.8973,8056197.71
2024-05-17 08:00:00,2.8977,2.9012,2.8204,2.8327,6700524.61
2024-05-17 12:00:00,2.8327,2.9275,2.7925,2.8924,15648170.69
2024-05-17 16:00:00,2.8922,2.96,2.8,2.8214,12381779.5
2024-05-17 20:00:00,2.8214,2.8404,2.7767,2.7937,5152588.82
2024-05-18 00:00:00,2.7938,2.8245,2.7631,2.8165,7662344.16
2024-05-18 04:00:00,2.817,2.831,2.7893,2.7944,3418362.2
2024-05-18 08:00:00,2.7944,2.8362,2.7728,2.7814,7126435.23
2024-05-18 12:00:00,2.7815,2.7825,2.5067,2.567,38919041.32
2024-05-18 16:00:00,2.5669,2.697,2.5436,2.5541,20230312.31
2024-05-18 20:00:00,2.554,2.5815,2.5301,2.5561,9468979.05
2024-05-19 00:00:00,2.5563,2.6247,2.5416,2.6201,9950890.92
2024-05-19 04:00:00,2.6201,2.6284,2.5692,2.5876,7510338.58
2024-05-19 08:00:00,2.5871,2.6068,2.5371,2.6001,10118828.09
2024-05-19 12:00:00,2.6001,2.6048,2.4204,2.4948,16227636.35
2024-05-19 16:00:00,2.4952,2.54,2.4507,2.5008,7654991.63
2024-05-19 20:00:00,2.501,2.5476,2.4864,2.5311,4255336.55
2024-05-20 00:00:00,2.5306,2.616,2.4948,2.5913,10230798.81
2024-05-20 04:00:00,2.5912,2.725,2.5855,2.6752,17442990.37
2024-05-20 08:00:00,2.6749,2.7515,2.657,2.7067,14879084.66
2024-05-20 12:00:00,2.7069,2.7357,2.6522,2.7006,10116860.96
2024-05-20 16:00:00,2.7005,2.85,2.6689,2.8478,18506839.74
2024-05-20 20:00:00,2.847,2.8724,2.766,2.8236,19162977.98
2024-05-21 00:00:00,2.8232,2.873,2.7422,2.7642,13064506.23
2024-05-21 04:00:00,2.7642,2.8146,2.7572,2.7785,7812147.36
2024-05-21 08:00:00,2.7785,2.9,2.7711,2.8119,14981451.89
2024-05-21 12:00:00,2.8116,2.869,2.6508,2.6788,24952493.63
2024-05-21 16:00:00,2.6786,2.7643,2.66,2.705,15248287.39
2024-05-21 20:00:00,2.7052,2.7991,2.7029,2.7514,7532749.88
2024-05-22 00:00:00,2.7514,2.86,2.7413,2.8223,11906570.85
2024-05-22 04:00:00,2.8223,2.9382,2.7256,2.9216,17160200.38
2024-05-22 08:00:00,2.9218,2.922,2.803,2.872,17630972.15
2024-05-22 12:00:00,2.8718,3.28,2.8092,3.222,54383456.7
2024-05-22 16:00:00,3.2223,3.236,2.9734,3.0685,32478573.06
2024-05-22 20:00:00,3.0684,3.1033,2.9782,3.0341,10752583.29
2024-05-23 00:00:00,3.0341,3.0497,2.9031,2.995,12809085.16
2024-05-23 04:00:00,2.9949,3.0491,2.9531,3.003,9713763.12
2024-05-23 08:00:00,3.003,3.0588,2.9561,2.9999,14909809.06
2024-05-23 12:00:00,2.9998,3.0005,2.777,2.8957,27039700.11
2024-05-23 16:00:00,2.8957,2.9163,2.8004,2.8155,9567606.57
2024-05-23 20:00:00,2.8158,2.984,2.7,2.9238,21008248.29
2024-05-24 00:00:00,2.9237,2.9432,2.8419,2.8558,5013380.06
2024-05-24 04:00:00,2.8557,2.8762,2.7187,2.7669,11542836.82
2024-05-24 08:00:00,2.7668,2.8038,2.727,2.7956,5260746.67
2024-05-24 12:00:00,2.7952,2.8864,2.7777,2.8267,9625128.25
2024-05-24 16:00:00,2.8266,2.9,2.79,2.8821,6668920.31
2024-05-24 20:00:00,2.8822,2.8862,2.85,2.8685,3557118.47
2024-05-25 00:00:00,2.8682,2.8963,2.842,2.8628,5040396.15
2024-05-25 04:00:00,2.8633,2.9569,2.8558,2.9508,7962161.34
2024-05-25 08:00:00,2.951,3.1,2.9302,3.0245,19677073.3
2024-05-25 12:00:00,3.0245,3.0379,2.9102,2.963,10211799.56
2024-05-25 16:00:00,2.9629,3.0498,2.9401,3.0422,5467142.19
2024-05-25 20:00:00,3.0424,3.0948,3.0174,3.0923,5531659.23
2024-05-26 00:00:00,3.0925,3.2459,3.0903,3.1301,20031683.58
2024-05-26 04:00:00,3.1301,3.1417,3.0502,3.0766,8795757.49
2024-05-26 08:00:00,3.0765,3.0961,3.0,3.0544,10302919.76
2024-05-26 12:00:00,3.0547,3.0656,2.9666,2.9873,8151691.76
2024-05-26 16:00:00,2.9872,3.0017,2.952,2.9708,5751487.9
2024-05-26 20:00:00,2.9709,2.9965,2.92,2.9512,5004953.01
2024-05-27 00:00:00,2.9517,3.0727,2.9423,3.0166,7672560.98
2024-05-27 04:00:00,3.0166,3.1,2.9694,3.0998,9263889.03
2024-05-27 08:00:00,3.0999,3.2192,3.0983,3.1825,19902493.39
2024-05-27 12:00:00,3.1826,3.3522,3.1557,3.3121,28740126.12
2024-05-27 16:00:00,3.3121,3.368,3.2376,3.2659,14291354.3
2024-05-27 20:00:00,3.2668,3.4496,3.2538,3.4008,11036387.62
2024-05-28 00:00:00,3.4004,3.4261,3.224,3.3032,19562874.13
2024-05-28 04:00:00,3.3037,3.3207,3.1651,3.2355,13254568.18
2024-05-28 08:00:00,3.2359,3.75,3.2263,3.6774,36785388.9
2024-05-28 12:00:00,3.6766,3.8457,3.5411,3.655,31244672.19
2024-05-28 16:00:00,3.6555,3.7381,3.544,3.7097,13577382.27
2024-05-28 20:00:00,3.7095,3.7992,3.6554,3.775,8094434.52
2024-05-29 00:00:00,3.7753,4.08,3.6921,4.0164,18149935.82
2024-05-29 04:00:00,4.0171,4.08,3.8674,3.8814,15616601.9
2024-05-29 08:00:00,3.8818,3.9167,3.7007,3.8142,18408908.54
2024-05-29 12:00:00,3.8146,3.8902,3.7102,3.8294,13710092.04
2024-05-29 16:00:00,3.8297,3.9759,3.7376,3.8078,14348787.8
2024-05-29 20:00:00,3.8082,3.8539,3.6687,3.6785,7700499.61
2024-05-30 00:00:00,3.6786,3.8028,3.6725,3.7425,8132928.91
2024-05-30 04:00:00,3.743,3.7959,3.3978,3.4098,20608210.78
2024-05-30 08:00:00,3.4096,3.477,3.3405,3.4041,16655646.39
2024-05-30 12:00:00,3.404,3.5509,3.3165,3.4582,17611235.2
2024-05-30 16:00:00,3.4582,3.65,3.4448,3.4599,11835120.49
2024-05-30 20:00:00,3.4604,3.5137,3.3522,3.3668,8866078.39
2024-05-31 00:00:00,3.3663,3.4495,3.3333,3.4021,5460989.64
2024-05-31 04:00:00,3.4024,3.4665,3.313,3.3992,6754773.34
2024-05-31 08:00:00,3.399,3.5019,3.3931,3.4221,6864292.47
2024-05-31 12:00:00,3.4222,3.5572,3.2575,3.264,18471901.47
2024-05-31 16:00:00,3.2646,3.3542,3.18,3.3357,13224189.86
2024-05-31 20:00:00,3.3363,3.3647,3.3014,3.3051,4060419.3
2024-06-01 00:00:00,3.3056,3.3508,3.2647,3.3359,4913905.36
2024-06-01 04:00:00,3.3352,3.3847,3.315,3.3768,4293561.07
2024-06-01 08:00:00,3.3764,3.41,3.3187,3.3296,4507119.2
2024-06-01 12:00:00,3.3296,3.4523,3.3228,3.4119,6368790.58
2024-06-01 16:00:00,3.4118,3.4264,3.3307,3.395,4597786.64
2024-06-01 20:00:00,3.395,3.4368,3.262,3.2765,5525279.57
2024-06-02 00:00:00,3.2765,3.34,3.1982,3.2171,10880769.49
2024-06-02 04:00:00,3.2173,3.26,3.1855,3.2179,6637122.41
2024-06-02 08:00:00,3.2186,3.2967,3.1773,3.2917,6039051.04
2024-06-02 12:00:00,3.2918,3.3563,3.2373,3.3318,7267106.87
2024-06-02 16:00:00,3.3316,3.3341,3.1003,3.1826,11321137.84
2024-06-02 20:00:00,3.1822,3.2265,3.1116,3.1999,3832115.7
2024-06-03 00:00:00,3.2,3.2689,3.1552,3.1854,6481975.94
2024-06-03 04:00:00,3.186,3.402,3.07,3.398,18315879.25
2024-06-03 08:00:00,3.3979,3.4941,3.3475,3.4466,15938138.82
2024-06-03 12:00:00,3.4468,3.5151,3.27,3.3584,16799636.63
2024-06-03 16:00:00,3.3593,3.4617,3.3078,3.4307,6404566.3
2024-06-03 20:00:00,3.4312,3.4399,3.2574,3.2657,4345361.86
2024-06-04 00:00:00,3.2652,3.3452,3.2607,3.3284,4615166.38
2024-06-04 04:00:00,3.3283,3.3301,3.2294,3.2668,5744484.69
2024-06-04 08:00:00,3.2673,3.2782,3.2001,3.2129,6633172.43
2024-06-04 12:00:00,3.2126,3.3479,3.2052,3.3355,9557245.44
2024-06-04 16:00:00,3.3355,3.5037,3.3313,3.4029,12755860.63
2024-06-04 20:00:00,3.4029,3.4176,3.3497,3.4103,4429538.8
2024-06-05 00:00:00,3.411,3.588,3.3834,3.5019,11289995.87
2024-06-05 04:00:00,3.5018,3.5599,3.4345,3.5351,9042398.17
2024-06-05 08:00:00,3.5352,3.5736,3.417,3.4583,8238174.15
2024-06-05 12:00:00,3.458,3.4942,3.355,3.4714,8721717.91
2024-06-05 16:00:00,3.4715,3.4932,3.3812,3.4577,5874098.27
2024-06-05 20:00:00,3.4583,3.4636,3.3776,3.3925,2856196.28
2024-06-06 00:00:00,3.3931,3.4525,3.3682,3.413,5096856.04
2024-06-06 04:00:00,3.4134,3.4456,3.3085,3.3366,6579242.23
2024-06-06 08:00:00,3.3365,3.378,3.278,3.3745,4541198.9
2024-06-06 12:00:00,3.3747,3.42,3.3423,3.3633,5299767.47
2024-06-06 16:00:00,3.3633,3.3806,3.2423,3.2574,6439891.6
2024-06-06 20:00:00,3.2576,3.3039,3.2196,3.233,4151201.48
2024-06-07 00:00:00,3.233,3.2568,3.18,3.2467,4124415.31
2024-06-07 04:00:00,3.2465,3.3342,3.2399,3.3052,6085063.04
2024-06-07 08:00:00,3.3053,3.353,3.2474,3.3007,4874971.11
2024-06-07 12:00:00,3.3006,3.3162,3.15,3.1725,10199670.07
2024-06-07 16:00:00,3.1726,3.1925,2.5392,2.8136,41205607.28
2024-06-07 20:00:00,2.8134,2.88,2.7708,2.8594,11157947.54
2024-06-08 00:00:00,2.8593,2.9354,2.8443,2.8489,10866779.61
2024-06-08 04:00:00,2.8493,2.8521,2.8117,2.8294,6330772.67
2024-06-08 08:00:00,2.8297,2.8311,2.6695,2.6904,13736335.94
2024-06-08 12:00:00,2.6904,2.7593,2.65,2.7397,10761827.63
2024-06-08 16:00:00,2.7402,2.7551,2.6739,2.7292,6742299.07
2024-06-08 20:00:00,2.7292,2.7404,2.6717,2.7074,5087285.59
2024-06-09 00:00:00,2.7078,2.7298,2.642,2.6873,6256305.82
2024-06-09 04:00:00,2.6872,2.7387,2.642,2.6902,5752729.14
2024-06-09 08:00:00,2.6902,2.7218,2.6756,2.7072,5025105.65
2024-06-09 12:00:00,2.7071,2.7711,2.6803,2.7314,11105561.42
2024-06-09 16:00:00,2.7314,2.8156,2.7257,2.7912,9178935.15
2024-06-09 20:00:00,2.7911,2.7974,2.761,2.7756,3184276.58
2024-06-10 00:00:00,2.7757,2.8012,2.7345,2.7429,4621367.75
2024-06-10 04:00:00,2.7427,2.7768,2.6467,2.653,6743926.35
2024-06-10 08:00:00,2.6532,2.7593,2.6524,2.7168,5982049.61
2024-06-10 12:00:00,2.7166,2.9178,2.6511,2.8613,13140370.44
2024-06-10 16:00:00,2.8614,2.8952,2.7537,2.7601,10679710.56
2024-06-10 20:00:00,2.7605,2.7607,2.6785,2.6937,5890819.99
2024-06-11 00:00:00,2.6932,2.7273,2.5514,2.6022,15057656.64
2024-06-11 04:00:00,2.6018,2.6331,2.5552,2.5894,10284515.45
2024-06-11 08:00:00,2.5896,2.7357,2.5782,2.6777,15685618.92
2024-06-11 12:00:00,2.6775,2.6945,2.3899,2.4312,21991536.82
2024-06-11 16:00:00,2.4307,2.572,2.4177,2.5448,11455047.07
2024-06-11 20:00:00,2.5449,2.5806,2.527,2.5458,3715731.68
2024-06-12 00:00:00,2.5458,2.5808,2.4364,2.5714,9683896.31
2024-06-12 04:00:00,2.5715,2.6404,2.5642,2.6348,7919904.95
2024-06-12 08:00:00,2.6346,2.7078,2.6197,2.6599,10363204.89
2024-06-12 12:00:00,2.66,2.907,2.6566,2.7629,30352358.61
2024-06-12 16:00:00,2.763,2.8071,2.5957,2.621,20225170.51
2024-06-12 20:00:00,2.6213,2.6837,2.5929,2.6653,10078479.59
2024-06-13 00:00:00,2.6652,2.6652,2.4929,2.5114,11589182.02
2024-06-13 04:00:00,2.5116,2.579,2.5,2.569,6619947.2
2024-06-13 08:00:00,2.5694,2.582,2.4993,2.5086,7811700.32
2024-06-13 12:00:00,2.5086,2.5706,2.3911,2.4149,17579440.94
2024-06-13 16:00:00,2.4145,2.4959,2.3903,2.4113,9030141.83
2024-06-13 20:00:00,2.4114,2.4361,2.3561,2.386,6454822.9
2024-06-14 00:00:00,2.3869,2.45,2.3545,2.4115,12287491.42
2024-06-14 04:00:00,2.4116,2.4711,2.3979,2.4403,7969756.05
2024-06-14 08:00:00,2.4408,2.4852,2.4349,2.4656,8030765.67
2024-06-14 12:00:00,2.4657,2.4913,2.3109,2.3315,14268075.51
2024-06-14 16:00:00,2.3325,2.338,2.2094,2.2507,24223959.65
2024-06-14 20:00:00,2.2506,2.3789,2.2476,2.3417,6759136.96
2024-06-15 00:00:00,2.3411,2.431,2.3256,2.4259,5530719.65
2024-06-15 04:00:00,2.4264,2.4641,2.3927,2.4027,7222644.03
2024-06-15 08:00:00,2.4035,2.433,2.3929,2.4108,4176465.8
2024-06-15 12:00:00,2.4108,2.4221,2.3786,2.3931,6614190.5
2024-06-15 16:00:00,2.3931,2.4095,2.3403,2.3435,4447742.63
2024-06-15 20:00:00,2.3437,2.433,2.3058,2.4201,5373830.03
2024-06-16 00:00:00,2.4202,2.4247,2.3629,2.3889,4413171.39
2024-06-16 04:00:00,2.3887,2.5545,2.3616,2.5307,9015409.67
2024-06-16 08:00:00,2.5309,2.5637,2.5062,2.5128,6172535.34
2024-06-16 12:00:00,2.5129,2.5893,2.4923,2.5803,6725743.46
2024-06-16 16:00:00,2.5801,2.6072,2.5496,2.5601,6677543.2
2024-06-16 20:00:00,2.5602,2.6387,2.5556,2.6072,6273732.87
2024-06-17 00:00:00,2.6071,2.6441,2.4953,2.5028,9646278.81
2024-06-17 04:00:00,2.5028,2.5427,2.4381,2.4445,9228967.88
2024-06-17 08:00:00,2.4449,2.4624,2.3639,2.3881,12166632.61
2024-06-17 12:00:00,2.388,2.3986,2.2931,2.3033,13204703.9
2024-06-17 16:00:00,2.3025,2.4551,2.2275,2.3952,17905972.75
2024-06-17 20:00:00,2.3951,2.4005,2.3037,2.3088,9195228.83
2024-06-18 00:00:00,2.3088,2.3281,1.9861,2.1325,36324949.35
2024-06-18 04:00:00,2.1327,2.1409,2.0734,2.0832,13201052.42
2024-06-18 08:00:00,2.0834,2.1336,2.0001,2.0573,12556763.13
2024-06-18 12:00:00,2.0569,2.0727,1.9363,2.0112,32429929.03
2024-06-18 16:00:00,2.0115,2.0244,1.8809,1.9624,26387709.0
2024-06-18 20:00:00,1.9621,2.0981,1.9438,2.0661,17899912.46
2024-06-19 00:00:00,2.0665,2.1512,2.031,2.123,16211948.36
2024-06-19 04:00:00,2.1228,2.1642,2.0698,2.0796,13464477.13
2024-06-19 08:00:00,2.0796,2.0924,2.0234,2.0458,11274772.58
2024-06-19 12:00:00,2.0458,2.0836,1.9728,2.0285,14323208.31
2024-06-19 16:00:00,2.028,2.091,2.0076,2.0335,9394346.69
2024-06-19 20:00:00,2.0333,2.0524,2.007,2.0276,5835033.55
2024-06-20 00:00:00,2.0278,2.075,2.0017,2.0474,15152311.37
2024-06-20 04:00:00,2.0474,2.135,1.9986,2.1322,16249279.0
2024-06-20 08:00:00,2.1323,2.19,2.0764,2.1517,14519177.96
2024-06-20 12:00:00,2.1518,2.1773,1.996,2.0034,19664728.85
2024-06-20 16:00:00,2.0036,2.0534,1.9473,2.0333,13468588.8
2024-06-20 20:00:00,2.0326,2.0437,1.95,1.9528,6230047.11
2024-06-21 00:00:00,1.9524,1.9846,1.8888,1.9173,18737566.79
2024-06-21 04:00:00,1.9175,1.9348,1.8443,1.8475,11381189.83
2024-06-21 08:00:00,1.8474,1.9154,1.8204,1.8841,18022380.89
2024-06-21 12:00:00,1.8835,1.9072,1.7957,1.8389,23351287.29
2024-06-21 16:00:00,1.839,1.8471,1.7368,1.8206,23380732.92
2024-06-21 20:00:00,1.8205,1.8439,1.7471,1.7605,9997301.43
2024-06-22 00:00:00,1.7605,1.8079,1.704,1.7879,13343447.15
2024-06-22 04:00:00,1.7878,1.8174,1.7546,1.8098,11333370.03
2024-06-22 08:00:00,1.8096,1.8157,1.7622,1.7937,7358594.69
2024-06-22 12:00:00,1.7937,1.8164,1.7708,1.7949,8812259.8
2024-06-22 16:00:00,1.7949,1.8193,1.7652,1.7809,9074113.65
2024-06-22 20:00:00,1.7807,1.7816,1.7389,1.742,5471153.72
2024-06-23 00:00:00,1.7427,1.803,1.7342,1.7939,10312264.04
2024-06-23 04:00:00,1.7927,1.806,1.7474,1.7917,7844445.36
2024-06-23 08:00:00,1.7916,1.7956,1.7275,1.7429,8699278.35
2024-06-23 12:00:00,1.7428,1.7505,1.6428,1.6596,19120944.76
2024-06-23 16:00:00,1.6598,1.6606,1.5899,1.6483,18067199.76
2024-06-23 20:00:00,1.6488,1.6497,1.5739,1.5856,14612489.76
2024-06-24 00:00:00,1.5855,1.6395,1.5751,1.6045,13050882.62
2024-06-24 04:00:00,1.6044,1.6123,1.4963,1.5572,22225267.04
2024-06-24 08:00:00,1.5572,1.655,1.478,1.5994,39678511.2
2024-06-24 12:00:00,1.5998,1.7128,1.5967,1.6572,30264564.38
2024-06-24 16:00:00,1.6572,1.7215,1.6039,1.6617,36965968.1
2024-06-24 20:00:00,1.662,1.86,1.6325,1.8274,28148447.05
2024-06-25 00:00:00,1.8274,1.9478,1.8078,1.9036,31334233.01
2024-06-25 04:00:00,1.9034,1.9256,1.8559,1.8601,18573458.16
2024-06-25 08:00:00,1.8603,1.9444,1.8159,1.9161,22938380.64
2024-06-25 12:00:00,1.9157,2.0354,1.9002,2.0228,25284410.3
2024-06-25 16:00:00,2.0229,2.0869,1.9678,2.0666,24361580.47
2024-06-25 20:00:00,2.0661,2.088,2.02,2.04,11283263.48
2024-06-26 00:00:00,2.0399,2.165,2.0109,2.0699,18438923.45
2024-06-26 04:00:00,2.0698,2.0751,1.991,2.0407,13727817.94
2024-06-26 08:00:00,2.0407,2.0501,1.9658,1.9924,14422510.01
2024-06-26 12:00:00,1.9924,2.0657,1.9866,2.0142,17382312.21
2024-06-26 16:00:00,2.0141,2.025,1.9085,1.9824,28085262.51
2024-06-26 20:00:00,1.9826,2.0413,1.9689,2.0076,8542092.12
2024-06-27 00:00:00,2.0078,2.0536,1.9847,2.0304,10530956.1
2024-06-27 04:00:00,2.0297,2.05,1.9803,2.0416,11969383.35
2024-06-27 08:00:00,2.0423,2.0813,1.98,1.9864,14237674.5
2024-06-27 12:00:00,1.9862,2.2625,1.9647,2.1247,55873905.42
2024-06-27 16:00:00,2.1253,2.1405,2.0501,2.0827,18368455.13
2024-06-27 20:00:00,2.0827,2.1285,2.07,2.1169,8661412.83
2024-06-28 00:00:00,2.1168,2.1483,2.0632,2.1092,12209693.43
2024-06-28 04:00:00,2.1088,2.1101,2.032,2.0485,8941740.63
2024-06-28 08:00:00,2.0484,2.0616,2.0227,2.0284,6134335.09
2024-06-28 12:00:00,2.0285,2.0775,1.9728,2.0418,17665087.69
2024-06-28 16:00:00,2.0418,2.0436,1.9166,1.9233,16339525.14
2024-06-28 20:00:00,1.9234,1.9916,1.8952,1.983,11101937.68
2024-06-29 00:00:00,1.9825,2.0985,1.9825,2.0772,13606233.87
2024-06-29 04:00:00,2.0769,2.1,2.0512,2.0848,9883324.64
2024-06-29 08:00:00,2.0851,2.1345,2.0741,2.1159,9521065.43
2024-06-29 12:00:00,2.1158,2.1699,2.1054,2.1663,11362526.1
2024-06-29 16:00:00,2.1665,2.1778,2.1188,2.13,7757325.03
2024-06-29 20:00:00,2.1299,2.1438,2.0779,2.091,6810805.04
2024-06-30 00:00:00,2.0914,2.1116,1.998,2.013,14731171.0
2024-06-30 04:00:00,2.0129,2.0491,1.9185,2.0449,21299426.36
2024-06-30 08:00:00,2.0451,2.0906,1.9877,2.0356,12285033.82
2024-06-30 12:00:00,2.0357,2.0578,1.9845,2.0461,10062252.68
2024-06-30 16:00:00,2.0462,2.1291,2.0168,2.1096,9419013.87
2024-06-30 20:00:00,2.1091,2.2176,2.0683,2.1991,17451572.36
2024-07-01 00:00:00,2.1992,2.3001,2.1742,2.2888,16189528.82
2024-07-01 04:00:00,2.2895,2.3495,2.2755,2.3036,12024464.59
2024-07-01 08:00:00,2.304,2.307,2.1632,2.1855,14819811.64
2024-07-01 12:00:00,2.1848,2.2959,2.179,2.2926,21031544.7
2024-07-01 16:00:00,2.2928,2.3552,2.2634,2.3074,13589821.25
2024-07-01 20:00:00,2.3074,2.3443,2.2501,2.2713,8526220.25
2024-07-02 00:00:00,2.2713,2.37,2.2521,2.3171,13453487.13
2024-07-02 04:00:00,2.3171,2.334,2.2389,2.2475,9176589.18
2024-07-02 08:00:00,2.2465,2.2694,2.2246,2.2445,6349056.67
2024-07-02 12:00:00,2.2446,2.2624,2.1749,2.1945,14207295.21
2024-07-02 16:00:00,2.1943,2.2282,2.1577,2.1995,6390968.87
2024-07-02 20:00:00,2.1998,2.2439,2.1726,2.2054,5660766.91
2024-07-03 00:00:00,2.2062,2.2071,2.039,2.0789,18687939.84
2024-07-03 04:00:00,2.0785,2.0839,2.0236,2.0298,8592758.53
2024-07-03 08:00:00,2.0296,2.08,1.9556,1.992,21164538.29
2024-07-03 12:00:00,1.992,1.9925,1.9085,1.9181,24010497.78
2024-07-03 16:00:00,1.918,1.958,1.8275,1.8397,14092243.84
2024-07-03 20:00:00,1.8397,1.8696,1.7923,1.81,17393498.96
2024-07-04 00:00:00,1.8098,1.8627,1.7128,1.8413,34114580.6
2024-07-04 04:00:00,1.8413,1.8586,1.7711,1.7857,11693024.64
2024-07-04 08:00:00,1.7855,1.8339,1.75,1.7839,19099132.85
2024-07-04 12:00:00,1.7839,1.837,1.75,1.8312,20483663.06
2024-07-04 16:00:00,1.8313,1.8968,1.7914,1.8468,14324046.87
2024-07-04 20:00:00,1.8469,1.8909,1.7018,1.7286,17725098.43
2024-07-05 00:00:00,1.7282,1.7395,1.4855,1.524,57497769.5
2024-07-05 04:00:00,1.5237,1.6625,1.4958,1.6173,24856815.49
2024-07-05 08:00:00,1.6173,1.74,1.5454,1.7286,27376091.66
2024-07-05 12:00:00,1.7287,1.9412,1.6886,1.9313,42650380.4
2024-07-05 16:00:00,1.9323,1.9864,1.8919,1.9343,26818385.63
2024-07-05 20:00:00,1.9343,1.9627,1.9146,1.9212,9304415.38
2024-07-06 00:00:00,1.921,2.0088,1.8784,1.9302,18180832.99
2024-07-06 04:00:00,1.9294,2.01,1.879,1.9834,17969236.15
2024-07-06 08:00:00,1.9834,2.0551,1.9459,1.9586,16259458.55
2024-07-06 12:00:00,1.9587,2.0407,1.9227,2.025,13775744.69
2024-07-06 16:00:00,2.025,2.0651,1.9855,1.9985,14290204.02
2024-07-06 20:00:00,1.9986,2.035,1.9968,2.0074,7640219.86
2024-07-07 00:00:00,2.0071,2.017,1.8238,1.867,27480640.36
2024-07-07 04:00:00,1.8671,1.89,1.8139,1.845,14424432.14
2024-07-07 08:00:00,1.8449,1.8878,1.8362,1.857,9883477.32
2024-07-07 12:00:00,1.857,1.8829,1.734,1.7916,26029104.63
2024-07-07 16:00:00,1.7916,1.8362,1.7671,1.7806,10362732.64
2024-07-07 20:00:00,1.7806,1.7913,1.6458,1.6664,21322059.34
2024-07-08 00:00:00,1.6665,1.685,1.5571,1.6217,36894633.32
2024-07-08 04:00:00,1.6214,1.695,1.6131,1.672,21593588.64
2024-07-08 08:00:00,1.6724,1.8181,1.662,1.7227,41001502.85
2024-07-08 12:00:00,1.7225,1.7707,1.605,1.6583,42271024.57
2024-07-08 16:00:00,1.6584,1.705,1.6275,1.6978,15517177.38
2024-07-08 20:00:00,1.6979,1.7244,1.6553,1.656,9102960.84
2024-07-09 00:00:00,1.656,1.7206,1.6114,1.7151,27091383.23
2024-07-09 04:00:00,1.7151,1.75,1.6947,1.7098,21377266.51
2024-07-09 08:00:00,1.7098,1.7486,1.6705,1.6889,15438246.87
2024-07-09 12:00:00,1.6886,1.7472,1.6571,1.6967,16061711.24
2024-07-09 16:00:00,1.6965,1.7257,1.6723,1.7096,9256173.91
2024-07-09 20:00:00,1.7096,1.728,1.6709,1.7028,8035969.13
2024-07-10 00:00:00,1.7028,1.7242,1.6534,1.7197,11271171.71
2024-07-10 04:00:00,1.7196,1.7834,1.7,1.7204,20657762.77
2024-07-10 08:00:00,1.7205,1.7206,1.662,1.6812,16048880.41
2024-07-10 12:00:00,1.6811,1.7,1.6451,1.671,17143973.55
2024-07-10 16:00:00,1.6711,1.7,1.63,1.6398,8959222.72
2024-07-10 20:00:00,1.6397,1.657,1.6028,1.6471,7332885.74
2024-07-11 00:00:00,1.647,1.6939,1.6105,1.6334,10544562.53
2024-07-11 04:00:00,1.6334,1.6855,1.6266,1.677,7190111.08
2024-07-11 08:00:00,1.6773,1.6938,1.6579,1.6809,8603638.07
2024-07-11 12:00:00,1.6809,1.7345,1.5824,1.6011,26371146.84
2024-07-11 16:00:00,1.6011,1.6012,1.5278,1.5442,20322895.87
2024-07-11 20:00:00,1.5441,1.5482,1.4961,1.5434,15165957.59
2024-07-12 00:00:00,1.5432,1.6109,1.5293,1.6011,15190818.1
2024-07-12 04:00:00,1.601,1.6069,1.551,1.57,9538476.45
2024-07-12 08:00:00,1.5699,1.5749,1.5358,1.5629,7620031.13
2024-07-12 12:00:00,1.5629,1.5997,1.5215,1.5793,16455347.16
2024-07-12 16:00:00,1.5792,1.6203,1.5608,1.5712,14306283.33
2024-07-12 20:00:00,1.5712,1.5745,1.5453,1.5675,5316888.3
2024-07-13 00:00:00,1.5674,1.6196,1.5656,1.6009,7135758.79
2024-07-13 04:00:00,1.6009,1.6336,1.5804,1.5944,7903409.83
2024-07-13 08:00:00,1.5945,1.6192,1.5715,1.5913,8052358.58
2024-07-13 12:00:00,1.5913,1.6097,1.5825,1.6082,6102992.5
2024-07-13 16:00:00,1.6081,1.6146,1.5781,1.5834,4989706.88
2024-07-13 20:00:00,1.5834,1.6441,1.5634,1.6023,10582661.54
2024-07-14 00:00:00,1.6022,1.6799,1.5999,1.6416,13022015.05
2024-07-14 04:00:00,1.6413,1.703,1.6374,1.6903,13233121.37
2024-07-14 08:00:00,1.6913,1.763,1.6912,1.7263,19735054.11
2024-07-14 12:00:00,1.7264,1.7275,1.6601,1.6984,13468343.5
2024-07-14 16:00:00,1.6988,1.7019,1.6696,1.6724,5377916.15
2024-07-14 20:00:00,1.6722,1.758,1.6664,1.7321,11016603.5
2024-07-15 00:00:00,1.7314,1.7972,1.7251,1.767,17001511.51
2024-07-15 04:00:00,1.767,1.846,1.753,1.836,14471331.3
2024-07-15 08:00:00,1.8368,1.8495,1.7704,1.7756,11745029.63
2024-07-15 12:00:00,1.7752,1.8454,1.7745,1.8358,13742593.78
2024-07-15 16:00:00,1.836,1.9899,1.8124,1.9805,28110863.1
2024-07-15 20:00:00,1.9808,2.1768,1.972,2.1585,32432429.83
2024-07-16 00:00:00,2.1583,2.2418,2.1344,2.2397,20984420.3
2024-07-16 04:00:00,2.2398,2.262,2.0996,2.1215,31606945.52
2024-07-16 08:00:00,2.1214,2.2338,2.0613,2.19,27434517.72
2024-07-16 12:00:00,2.19,2.2959,2.1581,2.2856,24228796.31
2024-07-16 16:00:00,2.2855,2.305,2.1338,2.1781,24196096.23
2024-07-16 20:00:00,2.1775,2.2199,2.138,2.2037,7444060.78
2024-07-17 00:00:00,2.2037,2.2999,2.1912,2.2434,17121827.17
2024-07-17 04:00:00,2.244,2.2769,2.2014,2.2019,11043190.05
2024-07-17 08:00:00,2.2019,2.2214,2.1313,2.1707,16904815.41
2024-07-17 12:00:00,2.1708,2.2081,2.1426,2.1522,11749373.73
2024-07-17 16:00:00,2.1524,2.187,2.0951,2.1755,13841932.15
2024-07-17 20:00:00,2.176,2.2098,2.1557,2.17,7542708.19
2024-07-18 00:00:00,2.1701,2.2825,2.1701,2.2482,13998999.5
2024-07-18 04:00:00,2.2482,2.3092,2.1911,2.2469,17936516.61
2024-07-18 08:00:00,2.2477,2.4642,2.2355,2.4589,27857356.01
2024-07-18 12:00:00,2.4589,2.4965,2.312,2.3303,31275872.71
2024-07-18 16:00:00,2.3304,2.3684,2.2768,2.3321,17049962.49
2024-07-18 20:00:00,2.332,2.4711,2.3248,2.4392,14956346.16
2024-07-19 00:00:00,2.4393,2.4406,2.3097,2.4278,14398173.79
2024-07-19 04:00:00,2.4282,2.5394,2.3812,2.4046,21382544.42
2024-07-19 08:00:00,2.404,2.4454,2.3553,2.4057,12873595.07
2024-07-19 12:00:00,2.406,2.522,2.3851,2.5096,21772208.09
2024-07-19 16:00:00,2.5093,2.5865,2.473,2.5624,21237528.87
2024-07-19 20:00:00,2.5626,2.578,2.5127,2.5452,9432761.54
2024-07-20 00:00:00,2.5452,2.5629,2.4935,2.5043,8500209.25
2024-07-20 04:00:00,2.5041,2.5462,2.4946,2.5019,5402558.62
2024-07-20 08:00:00,2.5024,2.5188,2.4575,2.5016,6294144.4
2024-07-20 12:00:00,2.5019,2.5987,2.4793,2.5969,10384790.51
2024-07-20 16:00:00,2.5968,2.68,2.5963,2.6118,17854505.7
2024-07-20 20:00:00,2.6118,2.6509,2.5843,2.6386,6508624.86
2024-07-21 00:00:00,2.639,2.6695,2.5771,2.5815,6535427.29
2024-07-21 04:00:00,2.5814,2.5976,2.521,2.5398,7437193.16
2024-07-21 08:00:00,2.5399,2.565,2.5138,2.5374,4262806.52
2024-07-21 12:00:00,2.5376,2.5839,2.5207,2.5575,8430537.45
2024-07-21 16:00:00,2.5575,2.62,2.4021,2.5851,21852385.56
2024-07-21 20:00:00,2.5849,2.8449,2.5799,2.8221,21834387.67
2024-07-22 00:00:00,2.822,2.8489,2.7659,2.8148,11590742.75
2024-07-22 04:00:00,2.8143,2.8234,2.702,2.715,7822308.32
2024-07-22 08:00:00,2.715,2.844,2.705,2.835,10881834.45
2024-07-22 12:00:00,2.834,2.876,2.734,2.791,12355909.45
2024-07-22 16:00:00,2.792,2.8952,2.767,2.87,7610552.78
2024-07-22 20:00:00,2.87,2.875,2.677,2.739,9444067.19
2024-07-23 00:00:00,2.738,2.764,2.668,2.68,5193624.83
2024-07-23 04:00:00,2.68,2.689,2.581,2.635,9985638.06
2024-07-23 08:00:00,2.635,2.659,2.509,2.547,11390338.23
2024-07-23 12:00:00,2.546,2.684,2.501,2.643,16571197.12
2024-07-23 16:00:00,2.643,2.779,2.507,2.53,16744040.23
2024-07-23 20:00:00,2.53,2.62,2.523,2.555,7357260.48
2024-07-24 00:00:00,2.555,2.666,2.555,2.637,7275482.88
2024-07-24 04:00:00,2.636,2.642,2.572,2.613,4757319.39
2024-07-24 08:00:00,2.613,2.657,2.554,2.598,6354858.76
2024-07-24 12:00:00,2.599,2.683,2.534,2.57,12822977.96
2024-07-24 16:00:00,2.57,2.676,2.542,2.57,10043935.64
2024-07-24 20:00:00,2.57,2.62,2.452,2.498,10292250.63
2024-07-25 00:00:00,2.498,2.56,2.43,2.483,17098239.0
2024-07-25 04:00:00,2.482,2.551,2.456,2.524,7143963.75
2024-07-25 08:00:00,2.525,2.579,2.467,2.476,9592921.21
2024-07-25 12:00:00,2.476,2.558,2.363,2.537,17665237.02
2024-07-25 16:00:00,2.537,2.55,2.366,2.381,9310468.45
2024-07-25 20:00:00,2.38,2.53,2.32,2.515,9035883.37
2024-07-26 00:00:00,2.515,2.626,2.503,2.572,12639323.25
2024-07-26 04:00:00,2.572,2.6,2.548,2.564,5596117.45
2024-07-26 08:00:00,2.564,2.654,2.562,2.639,5811598.01
2024-07-26 12:00:00,2.64,2.648,2.553,2.612,7568704.35
2024-07-26 16:00:00,2.611,2.646,2.585,2.627,4958023.96
2024-07-26 20:00:00,2.627,2.676,2.592,2.667,3751999.68
2024-07-27 00:00:00,2.666,2.667,2.577,2.584,4059882.32
2024-07-27 04:00:00,2.583,2.627,2.569,2.607,3432303.21
2024-07-27 08:00:00,2.608,2.692,2.604,2.64,5491889.91
2024-07-27 12:00:00,2.64,2.704,2.541,2.567,9088885.29
2024-07-27 16:00:00,2.567,2.576,2.42,2.465,12090012.57
2024-07-27 20:00:00,2.464,2.581,2.41,2.485,13140528.58
2024-07-28 00:00:00,2.485,2.508,2.446,2.473,3818510.81
2024-07-28 04:00:00,2.474,2.479,2.424,2.472,3323326.75
2024-07-28 08:00:00,2.472,2.499,2.445,2.449,3841120.73
2024-07-28 12:00:00,2.45,2.454,2.411,2.425,5812769.17
2024-07-28 16:00:00,2.426,2.461,2.418,2.43,2848022.61
2024-07-28 20:00:00,2.43,2.438,2.382,2.412,3268968.5
2024-07-29 00:00:00,2.412,2.554,2.407,2.511,10576045.96
2024-07-29 04:00:00,2.511,2.568,2.496,2.544,8331674.55
2024-07-29 08:00:00,2.545,2.567,2.501,2.514,5711334.97
2024-07-29 12:00:00,2.514,2.553,2.39,2.409,13126328.92
2024-07-29 16:00:00,2.408,2.435,2.357,2.421,9087095.21
2024-07-29 20:00:00,2.421,2.435,2.28,2.283,7458997.69
2024-07-30 00:00:00,2.283,2.35,2.273,2.344,7823658.43
2024-07-30 04:00:00,2.343,2.39,2.337,2.381,3912069.64
2024-07-30 08:00:00,2.38,2.39,2.336,2.337,4751823.54
2024-07-30 12:00:00,2.338,2.365,2.302,2.35,8708380.08
2024-07-30 16:00:00,2.351,2.356,2.257,2.288,7431259.64
2024-07-30 20:00:00,2.288,2.318,2.25,2.288,3899871.01
2024-07-31 00:00:00,2.288,2.339,2.262,2.312,3749330.65
2024-07-31 04:00:00,2.311,2.337,2.259,2.31,4850867.89
2024-07-31 08:00:00,2.309,2.319,2.266,2.287,3002150.58
2024-07-31 12:00:00,2.288,2.354,2.282,2.287,5119959.64
2024-07-31 16:00:00,2.287,2.333,2.195,2.206,10044082.26
2024-07-31 20:00:00,2.207,2.216,2.143,2.177,12989545.02
2024-08-01 00:00:00,2.178,2.194,2.081,2.087,15377837.88
2024-08-01 04:00:00,2.087,2.106,1.979,2.007,23711749.22
2024-08-01 08:00:00,2.006,2.025,1.944,1.982,11506679.61
2024-08-01 12:00:00,1.983,2.043,1.901,1.927,24404833.92
2024-08-01 16:00:00,1.927,1.936,1.821,1.879,25473000.41
2024-08-01 20:00:00,1.879,2.003,1.861,1.962,23266074.12
2024-08-02 00:00:00,1.962,1.998,1.883,1.932,12070474.61
2024-08-02 04:00:00,1.931,1.943,1.833,1.868,12011234.06
2024-08-02 08:00:00,1.868,1.922,1.854,1.892,8019793.82
2024-08-02 12:00:00,1.892,1.958,1.757,1.833,27840948.69
2024-08-02 16:00:00,1.832,1.872,1.777,1.788,11859316.26
2024-08-02 20:00:00,1.788,1.831,1.644,1.664,31840385.48
2024-08-03 00:00:00,1.664,1.694,1.6,1.692,22806682.0
2024-08-03 04:00:00,1.691,1.719,1.67,1.689,13166033.96
2024-08-03 08:00:00,1.688,1.717,1.677,1.708,8720775.64
2024-08-03 12:00:00,1.708,1.737,1.643,1.649,12577196.25
2024-08-03 16:00:00,1.649,1.673,1.55,1.552,33781231.13
2024-08-03 20:00:00,1.552,1.619,1.537,1.597,9560619.95
2024-08-04 00:00:00,1.597,1.635,1.572,1.602,8400766.29
2024-08-04 04:00:00,1.602,1.608,1.529,1.536,9976879.33
2024-08-04 08:00:00,1.536,1.613,1.523,1.594,9396600.29
2024-08-04 12:00:00,1.594,1.627,1.496,1.505,24175604.23
2024-08-04 16:00:00,1.505,1.532,1.351,1.503,63048735.48
2024-08-04 20:00:00,1.503,1.532,1.433,1.44,14917285.26
2024-08-05 00:00:00,1.439,1.47,1.218,1.275,74524111.96
2024-08-05 04:00:00,1.275,1.303,1.07,1.233,101580822.85
2024-08-05 08:00:00,1.234,1.237,1.077,1.123,54040926.78
2024-08-05 12:00:00,1.123,1.361,1.117,1.32,95825543.01
2024-08-05 16:00:00,1.32,1.385,1.266,1.292,39531831.38
2024-08-05 20:00:00,1.291,1.321,1.259,1.262,19276618.55
2024-08-06 00:00:00,1.262,1.409,1.257,1.372,29858138.28
2024-08-06 04:00:00,1.373,1.458,1.356,1.429,27020382.42
2024-08-06 08:00:00,1.429,1.43,1.35,1.378,22793228.21
2024-08-06 12:00:00,1.379,1.463,1.346,1.426,28182601.78
2024-08-06 16:00:00,1.427,1.46,1.401,1.418,14969474.73
2024-08-06 20:00:00,1.418,1.475,1.406,1.416,12506170.89
2024-08-07 00:00:00,1.416,1.582,1.369,1.579,32600795.36
2024-08-07 04:00:00,1.579,1.727,1.561,1.699,54867084.79
2024-08-07 08:00:00,1.7,1.777,1.694,1.728,37710823.3
2024-08-07 12:00:00,1.728,1.771,1.615,1.648,46712878.71
2024-08-07 16:00:00,1.647,1.651,1.546,1.566,30965285.61
2024-08-07 20:00:00,1.567,1.635,1.558,1.607,21961740.84
2024-08-08 00:00:00,1.606,1.77,1.549,1.687,43724809.13
2024-08-08 04:00:00,1.687,1.717,1.655,1.675,19988696.93
2024-08-08 08:00:00,1.675,1.721,1.662,1.698,11845935.05
2024-08-08 12:00:00,1.698,1.786,1.658,1.719,45832618.19
2024-08-08 16:00:00,1.719,1.749,1.665,1.676,18796550.23
2024-08-08 20:00:00,1.677,1.947,1.673,1.911,32877239.95
2024-08-09 00:00:00,1.912,1.957,1.825,1.846,26221329.34
2024-08-09 04:00:00,1.846,1.877,1.783,1.851,16326543.16
2024-08-09 08:00:00,1.852,1.886,1.827,1.85,11852505.76
2024-08-09 12:00:00,1.849,1.879,1.745,1.769,26220952.02
2024-08-09 16:00:00,1.769,1.826,1.761,1.805,9242501.11
2024-08-09 20:00:00,1.804,1.832,1.766,1.82,10868589.25
2024-08-10 00:00:00,1.819,1.861,1.766,1.781,11137735.59
2024-08-10 04:00:00,1.782,1.82,1.763,1.818,4757315.65
2024-08-10 08:00:00,1.819,1.833,1.796,1.826,5998733.45
2024-08-10 12:00:00,1.826,1.827,1.77,1.789,8653702.9
2024-08-10 16:00:00,1.789,1.8,1.772,1.794,4948223.81
2024-08-10 20:00:00,1.794,1.85,1.79,1.815,7261791.79
2024-08-11 00:00:00,1.816,1.893,1.795,1.85,11478454.29
2024-08-11 04:00:00,1.849,1.859,1.818,1.844,6208132.74
2024-08-11 08:00:00,1.844,1.874,1.794,1.802,10308630.2
2024-08-11 12:00:00,1.801,1.806,1.704,1.71,18871429.42
2024-08-11 16:00:00,1.71,1.738,1.67,1.671,13275587.78
2024-08-11 20:00:00,1.671,1.683,1.623,1.629,20081599.31
2024-08-12 00:00:00,1.629,1.68,1.623,1.656,13119394.38
2024-08-12 04:00:00,1.656,1.738,1.626,1.72,15197433.37
2024-08-12 08:00:00,1.721,1.821,1.701,1.812,23962950.11
2024-08-12 12:00:00,1.813,1.815,1.686,1.749,36157894.82
2024-08-12 16:00:00,1.749,1.763,1.679,1.702,9984196.26
2024-08-12 20:00:00,1.702,1.754,1.672,1.725,8152984.48
2024-08-13 00:00:00,1.726,1.75,1.651,1.659,10923770.62
2024-08-13 04:00:00,1.659,1.696,1.644,1.671,7714001.61
2024-08-13 08:00:00,1.671,1.677,1.643,1.662,7585666.02
2024-08-13 12:00:00,1.661,1.695,1.65,1.66,13553103.81
2024-08-13 16:00:00,1.66,1.748,1.658,1.691,19426217.44
2024-08-13 20:00:00,1.691,1.725,1.687,1.701,5130649.2
2024-08-14 00:00:00,1.702,1.717,1.67,1.687,5832707.2
2024-08-14 04:00:00,1.687,1.695,1.661,1.686,4764164.03
2024-08-14 08:00:00,1.686,1.709,1.667,1.692,9312489.26
2024-08-14 12:00:00,1.692,1.75,1.581,1.611,35922251.77
2024-08-14 16:00:00,1.611,1.624,1.561,1.57,13178541.74
2024-08-14 20:00:00,1.569,1.594,1.561,1.575,6989383.67
2024-08-15 00:00:00,1.575,1.599,1.561,1.574,7407831.18
2024-08-15 04:00:00,1.574,1.576,1.515,1.535,11514421.58
2024-08-15 08:00:00,1.536,1.567,1.525,1.553,9504267.56
2024-08-15 12:00:00,1.553,1.605,1.541,1.566,18953074.9
2024-08-15 16:00:00,1.566,1.581,1.435,1.47,30891936.51
2024-08-15 20:00:00,1.47,1.492,1.426,1.477,14918354.0
2024-08-16 00:00:00,1.476,1.505,1.449,1.467,7759796.28
2024-08-16 04:00:00,1.467,1.501,1.463,1.491,6147855.18
2024-08-16 08:00:00,1.491,1.495,1.436,1.441,6160795.39
2024-08-16 12:00:00,1.441,1.455,1.34,1.366,36166929.75
2024-08-16 16:00:00,1.367,1.418,1.347,1.405,21892161.97
2024-08-16 20:00:00,1.405,1.431,1.388,1.393,6588135.69
2024-08-17 00:00:00,1.392,1.428,1.38,1.404,7611776.21
2024-08-17 04:00:00,1.404,1.415,1.388,1.394,5021387.96
2024-08-17 08:00:00,1.394,1.41,1.361,1.371,9789560.29
2024-08-17 12:00:00,1.37,1.461,1.365,1.415,19564582.96
2024-08-17 16:00:00,1.415,1.442,1.393,1.404,10212674.48
2024-08-17 20:00:00,1.405,1.45,1.4,1.42,6478295.77
2024-08-18 00:00:00,1.421,1.446,1.399,1.399,9665823.56
2024-08-18 04:00:00,1.399,1.422,1.386,1.392,6727851.82
2024-08-18 08:00:00,1.391,1.445,1.387,1.436,10548097.37
2024-08-18 12:00:00,1.436,1.451,1.421,1.443,11415388.67
2024-08-18 16:00:00,1.442,1.479,1.422,1.459,12976052.18
2024-08-18 20:00:00,1.46,1.47,1.386,1.391,8893925.82
2024-08-19 00:00:00,1.392,1.392,1.346,1.385,15667316.99
2024-08-19 04:00:00,1.384,1.386,1.356,1.367,6961557.01
2024-08-19 08:00:00,1.368,1.386,1.325,1.353,13569330.84
2024-08-19 12:00:00,1.353,1.397,1.348,1.383,13334835.78
2024-08-19 16:00:00,1.383,1.434,1.368,1.42,14687826.01
2024-08-19 20:00:00,1.42,1.444,1.411,1.436,8251776.89
2024-08-20 00:00:00,1.435,1.48,1.414,1.455,16844726.97
2024-08-20 04:00:00,1.455,1.622,1.452,1.616,32512529.55
2024-08-20 08:00:00,1.616,1.62,1.561,1.574,18896156.15
2024-08-20 12:00:00,1.575,1.598,1.509,1.53,30485388.73
2024-08-20 16:00:00,1.531,1.557,1.514,1.548,11420367.01
2024-08-20 20:00:00,1.548,1.57,1.527,1.555,8167518.5
2024-08-21 00:00:00,1.554,1.578,1.519,1.535,8374544.38
2024-08-21 04:00:00,1.535,1.575,1.528,1.564,5802072.97
2024-08-21 08:00:00,1.564,1.568,1.522,1.524,5945228.18
2024-08-21 12:00:00,1.524,1.534,1.469,1.487,21627668.22
2024-08-21 16:00:00,1.487,1.599,1.477,1.598,18373806.45
2024-08-21 20:00:00,1.598,1.61,1.551,1.561,10248335.61
2024-08-22 00:00:00,1.561,1.571,1.527,1.554,6766664.45
2024-08-22 04:00:00,1.554,1.607,1.553,1.59,7721923.89
2024-08-22 08:00:00,1.591,1.66,1.583,1.643,17625766.01
2024-08-22 12:00:00,1.643,1.657,1.602,1.612,19145305.65
2024-08-22 16:00:00,1.611,1.647,1.605,1.607,8046643.29
2024-08-22 20:00:00,1.608,1.635,1.607,1.62,3751197.91
2024-08-23 00:00:00,1.62,1.647,1.604,1.605,6318422.24
2024-08-23 04:00:00,1.606,1.649,1.604,1.632,8552396.1
2024-08-23 08:00:00,1.631,1.65,1.591,1.594,8724724.97
2024-08-23 12:00:00,1.594,1.717,1.593,1.635,35709580.86
2024-08-23 16:00:00,1.636,1.77,1.626,1.755,34044663.56
2024-08-23 20:00:00,1.755,1.889,1.755,1.843,31739799.1
2024-08-24 00:00:00,1.843,1.85,1.786,1.831,13412636.11
2024-08-24 04:00:00,1.831,1.915,1.828,1.891,13677394.98
2024-08-24 08:00:00,1.89,1.952,1.867,1.904,19718942.66
2024-08-24 12:00:00,1.904,1.966,1.887,1.944,18734706.7
2024-08-24 16:00:00,1.943,2.035,1.937,1.974,22940767.8
2024-08-24 20:00:00,1.974,1.994,1.911,1.968,13514995.3
2024-08-25 00:00:00,1.969,1.971,1.885,1.931,18777726.0
2024-08-25 04:00:00,1.93,1.949,1.844,1.871,14716603.06
2024-08-25 08:00:00,1.871,1.921,1.855,1.883,9827766.16
2024-08-25 12:00:00,1.882,1.942,1.882,1.902,14148209.78
2024-08-25 16:00:00,1.902,1.916,1.89,1.913,3737493.13
2024-08-25 20:00:00,1.912,1.947,1.896,1.905,8078052.16
2024-08-26 00:00:00,1.905,1.934,1.829,1.866,15281490.87
2024-08-26 04:00:00,1.866,1.891,1.825,1.857,10355427.13
2024-08-26 08:00:00,1.858,1.948,1.855,1.912,13309142.08
2024-08-26 12:00:00,1.913,1.931,1.835,1.844,24630486.01
2024-08-26 16:00:00,1.843,1.862,1.778,1.789,15021965.44
2024-08-26 20:00:00,1.789,1.808,1.764,1.769,8929154.15
2024-08-27 00:00:00,1.768,1.813,1.767,1.806,9649002.67
2024-08-27 04:00:00,1.807,1.824,1.76,1.774,11821770.41
2024-08-27 08:00:00,1.774,1.782,1.704,1.715,14780171.48
2024-08-27 12:00:00,1.715,1.738,1.655,1.704,24086419.43
2024-08-27 16:00:00,1.704,1.733,1.686,1.688,8324779.22
2024-08-27 20:00:00,1.688,1.689,1.549,1.572,35948065.41
2024-08-28 00:00:00,1.573,1.594,1.519,1.591,20492860.58
2024-08-28 04:00:00,1.591,1.6,1.547,1.553,21395804.45
2024-08-28 08:00:00,1.554,1.659,1.537,1.608,20685569.63
2024-08-28 12:00:00,1.608,1.63,1.543,1.56,21033995.66
2024-08-28 16:00:00,1.559,1.617,1.48,1.574,30093047.19
2024-08-28 20:00:00,1.574,1.619,1.549,1.585,17026299.96
2024-08-29 00:00:00,1.585,1.605,1.563,1.574,8337627.63
2024-08-29 04:00:00,1.575,1.614,1.563,1.601,7641974.88
2024-08-29 08:00:00,1.602,1.642,1.577,1.615,9388326.46
2024-08-29 12:00:00,1.615,1.691,1.598,1.655,22229654.1
2024-08-29 16:00:00,1.656,1.684,1.53,1.554,20107882.18
2024-08-29 20:00:00,1.554,1.569,1.522,1.539,14313311.85
2024-08-30 00:00:00,1.539,1.564,1.526,1.532,7024495.27
2024-08-30 04:00:00,1.533,1.555,1.51,1.539,8916555.13
2024-08-30 08:00:00,1.539,1.555,1.527,1.534,6221709.45
2024-08-30 12:00:00,1.534,1.577,1.439,1.45,28802269.05
2024-08-30 16:00:00,1.45,1.55,1.438,1.519,18592532.45
2024-08-30 20:00:00,1.52,1.565,1.518,1.545,6528315.52
2024-08-31 00:00:00,1.545,1.579,1.542,1.549,5034152.01
2024-08-31 04:00:00,1.549,1.557,1.526,1.529,4323027.17
2024-08-31 08:00:00,1.53,1.54,1.501,1.537,4194800.49
2024-08-31 12:00:00,1.538,1.554,1.517,1.531,4608177.76
2024-08-31 16:00:00,1.53,1.531,1.501,1.509,4067916.13
2024-08-31 20:00:00,1.51,1.531,1.502,1.517,2156502.6
2024-09-01 00:00:00,1.517,1.53,1.476,1.504,7149921.48
2024-09-01 04:00:00,1.504,1.509,1.469,1.494,6365974.12
2024-09-01 08:00:00,1.495,1.496,1.458,1.479,5596814.42
2024-09-01 12:00:00,1.478,1.491,1.419,1.482,15346245.62
2024-09-01 16:00:00,1.482,1.499,1.437,1.484,8135944.48
2024-09-01 20:00:00,1.483,1.498,1.38,1.396,12091619.79
2024-09-02 00:00:00,1.396,1.432,1.387,1.423,7462029.54
2024-09-02 04:00:00,1.424,1.434,1.384,1.396,7381858.34
2024-09-02 08:00:00,1.395,1.482,1.39,1.458,17402312.2
2024-09-02 12:00:00,1.459,1.502,1.439,1.476,12203122.64
2024-09-02 16:00:00,1.476,1.54,1.464,1.499,12208887.13
2024-09-02 20:00:00,1.498,1.56,1.491,1.541,13701488.06
2024-09-03 00:00:00,1.54,1.639,1.526,1.592,37918498.58
2024-09-03 04:00:00,1.591,1.601,1.565,1.596,9702883.07
2024-09-03 08:00:00,1.596,1.603,1.571,1.592,11356456.88
2024-09-03 12:00:00,1.591,1.614,1.495,1.503,20490906.89
2024-09-03 16:00:00,1.503,1.554,1.487,1.519,13485286.33
2024-09-03 20:00:00,1.518,1.531,1.489,1.492,5867176.57
2024-09-04 00:00:00,1.492,1.517,1.419,1.51,23651438.21
2024-09-04 04:00:00,1.51,1.545,1.484,1.526,11735293.98
2024-09-04 08:00:00,1.526,1.535,1.461,1.483,13678597.6
2024-09-04 12:00:00,1.483,1.61,1.482,1.595,31612107.92
2024-09-04 16:00:00,1.595,1.635,1.579,1.602,18298559.29
2024-09-04 20:00:00,1.602,1.648,1.586,1.641,8870931.35
2024-09-05 00:00:00,1.64,1.641,1.556,1.562,12087521.1
2024-09-05 04:00:00,1.563,1.608,1.553,1.599,10565968.17
2024-09-05 08:00:00,1.599,1.608,1.575,1.583,6494696.92
2024-09-05 12:00:00,1.583,1.633,1.527,1.551,25484604.84
2024-09-05 16:00:00,1.551,1.563,1.506,1.51,9659392.39
2024-09-05 20:00:00,1.51,1.54,1.502,1.532,7004767.05
2024-09-06 00:00:00,1.533,1.567,1.519,1.547,10098935.38
2024-09-06 04:00:00,1.547,1.552,1.49,1.515,9940522.12
2024-09-06 08:00:00,1.516,1.54,1.505,1.531,8132266.64
2024-09-06 12:00:00,1.53,1.607,1.496,1.53,40922803.17
2024-09-06 16:00:00,1.53,1.532,1.453,1.468,20052868.07
2024-09-06 20:00:00,1.468,1.503,1.4,1.488,22211718.83
2024-09-07 00:00:00,1.489,1.531,1.477,1.487,10040744.99
2024-09-07 04:00:00,1.487,1.52,1.484,1.504,7156824.95
2024-09-07 08:00:00,1.504,1.517,1.494,1.5,4915090.15
2024-09-07 12:00:00,1.5,1.536,1.499,1.527,7359193.78
2024-09-07 16:00:00,1.526,1.531,1.466,1.502,8701603.71
2024-09-07 20:00:00,1.502,1.503,1.461,1.479,5034766.49
2024-09-08 00:00:00,1.48,1.5,1.47,1.498,5219021.13
2024-09-08 04:00:00,1.498,1.524,1.492,1.517,5334337.05
2024-09-08 08:00:00,1.518,1.547,1.507,1.519,8351597.18
2024-09-08 12:00:00,1.519,1.524,1.487,1.492,8082160.5
2024-09-08 16:00:00,1.492,1.518,1.482,1.505,7172769.16
2024-09-08 20:00:00,1.505,1.593,1.5,1.571,15664768.84
2024-09-09 00:00:00,1.571,1.59,1.527,1.532,9874080.42
2024-09-09 04:00:00,1.533,1.544,1.516,1.54,5897346.97
2024-09-09 08:00:00,1.539,1.57,1.53,1.539,8350347.14
2024-09-09 12:00:00,1.54,1.564,1.512,1.558,14568538.94
2024-09-09 16:00:00,1.558,1.688,1.556,1.682,39036617.86
2024-09-09 20:00:00,1.682,1.77,1.648,1.671,25156170.87
2024-09-10 00:00:00,1.671,1.688,1.649,1.651,10636434.18
2024-09-10 04:00:00,1.652,1.72,1.642,1.702,9327012.14
2024-09-10 08:00:00,1.703,1.716,1.667,1.682,6849124.27
2024-09-10 12:00:00,1.683,1.685,1.645,1.648,9009382.7
2024-09-10 16:00:00,1.648,1.68,1.617,1.668,9999399.74
2024-09-10 20:00:00,1.668,1.67,1.643,1.647,3515331.27
2024-09-11 00:00:00,1.647,1.651,1.591,1.607,11502084.75
2024-09-11 04:00:00,1.606,1.606,1.552,1.571,17534675.82
2024-09-11 08:00:00,1.571,1.571,1.532,1.563,9040436.22
2024-09-11 12:00:00,1.563,1.595,1.497,1.535,28333378.24
2024-09-11 16:00:00,1.535,1.585,1.532,1.546,17320426.27
2024-09-11 20:00:00,1.546,1.559,1.537,1.542,4252888.36
2024-09-12 00:00:00,1.541,1.599,1.541,1.557,12759683.73
2024-09-12 04:00:00,1.557,1.575,1.539,1.554,8801073.27
2024-09-12 08:00:00,1.554,1.559,1.534,1.541,7787246.64
2024-09-12 12:00:00,1.541,1.569,1.515,1.519,14315657.74
2024-09-12 16:00:00,1.518,1.559,1.516,1.559,8156122.22
2024-09-12 20:00:00,1.559,1.566,1.541,1.56,4124440.87
2024-09-13 00:00:00,1.56,1.578,1.539,1.543,6515426.78
2024-09-13 04:00:00,1.542,1.553,1.527,1.538,3968992.27
2024-09-13 08:00:00,1.538,1.553,1.525,1.528,5158570.77
2024-09-13 12:00:00,1.529,1.615,1.503,1.593,21366255.73
2024-09-13 16:00:00,1.593,1.625,1.568,1.608,16114140.8
2024-09-13 20:00:00,1.608,1.665,1.607,1.635,9866927.8
2024-09-14 00:00:00,1.636,1.646,1.619,1.629,5003242.57
2024-09-14 04:00:00,1.63,1.646,1.605,1.607,6707976.71
2024-09-14 08:00:00,1.607,1.615,1.571,1.579,7659073.09
2024-09-14 12:00:00,1.579,1.596,1.575,1.581,5051064.42
2024-09-14 16:00:00,1.58,1.589,1.544,1.558,6979779.94
2024-09-14 20:00:00,1.558,1.574,1.556,1.567,3199661.34
2024-09-15 00:00:00,1.567,1.597,1.564,1.581,5418720.18
2024-09-15 04:00:00,1.581,1.597,1.575,1.596,3341379.55
2024-09-15 08:00:00,1.596,1.597,1.556,1.567,3688727.7
2024-09-15 12:00:00,1.566,1.589,1.55,1.577,5886593.11
2024-09-15 16:00:00,1.577,1.579,1.526,1.54,8448575.58
2024-09-15 20:00:00,1.539,1.543,1.483,1.502,9788687.27
2024-09-16 00:00:00,1.502,1.506,1.471,1.503,7150891.88
2024-09-16 04:00:00,1.503,1.521,1.496,1.512,4384020.29
2024-09-16 08:00:00,1.512,1.52,1.484,1.493,6666651.8
2024-09-16 12:00:00,1.493,1.503,1.451,1.484,11306144.16
2024-09-16 16:00:00,1.485,1.519,1.469,1.496,8550477.34
2024-09-16 20:00:00,1.497,1.516,1.473,1.51,5298233.0
2024-09-17 00:00:00,1.509,1.529,1.49,1.518,4092439.03
2024-09-17 04:00:00,1.518,1.533,1.504,1.517,6783940.42
2024-09-17 08:00:00,1.518,1.538,1.504,1.524,6006666.89
2024-09-17 12:00:00,1.524,1.582,1.506,1.556,16203940.07
2024-09-17 16:00:00,1.557,1.567,1.507,1.523,12102105.1
2024-09-17 20:00:00,1.523,1.541,1.518,1.536,3408203.43
2024-09-18 00:00:00,1.537,1.562,1.512,1.549,4615741.47
2024-09-18 04:00:00,1.549,1.556,1.53,1.535,2966217.83
2024-09-18 08:00:00,1.535,1.536,1.482,1.497,7860276.24
2024-09-18 12:00:00,1.497,1.511,1.46,1.464,8886443.09
2024-09-18 16:00:00,1.463,1.555,1.444,1.488,34887435.16
2024-09-18 20:00:00,1.488,1.626,1.474,1.618,12107732.46
2024-09-19 00:00:00,1.618,1.693,1.591,1.68,24172844.63
2024-09-19 04:00:00,1.679,1.73,1.651,1.717,18370252.39
2024-09-19 08:00:00,1.718,1.736,1.683,1.733,13304119.83
2024-09-19 12:00:00,1.733,1.759,1.715,1.722,19171853.93
2024-09-19 16:00:00,1.722,1.82,1.722,1.76,18415409.72
2024-09-19 20:00:00,1.76,1.78,1.725,1.774,9165538.47
2024-09-20 00:00:00,1.775,1.799,1.726,1.792,9411474.29
2024-09-20 04:00:00,1.792,1.905,1.782,1.868,23898915.9
2024-09-20 08:00:00,1.868,1.868,1.787,1.795,23761815.92
2024-09-20 12:00:00,1.795,1.819,1.754,1.792,15262534.3
2024-09-20 16:00:00,1.793,1.801,1.741,1.768,7854936.3
2024-09-20 20:00:00,1.768,1.794,1.764,1.78,3706140.78
2024-09-21 00:00:00,1.78,1.785,1.717,1.717,6022119.72
2024-09-21 04:00:00,1.718,1.727,1.665,1.725,16842081.95
2024-09-21 08:00:00,1.725,1.73,1.697,1.71,4988925.98
2024-09-21 12:00:00,1.71,1.778,1.705,1.743,10926369.16
2024-09-21 16:00:00,1.743,1.766,1.735,1.748,4093465.55
2024-09-21 20:00:00,1.748,1.799,1.734,1.776,5089298.93
2024-09-22 00:00:00,1.777,1.782,1.722,1.732,5479564.85
2024-09-22 04:00:00,1.733,1.74,1.708,1.723,3174978.1
2024-09-22 08:00:00,1.724,1.735,1.677,1.694,8882003.62
2024-09-22 12:00:00,1.694,1.701,1.648,1.662,7987173.02
2024-09-22 16:00:00,1.662,1.695,1.644,1.682,6931142.28
2024-09-22 20:00:00,1.683,1.721,1.622,1.693,10723428.93
2024-09-23 00:00:00,1.693,1.79,1.675,1.772,18588062.5
2024-09-23 04:00:00,1.772,1.782,1.696,1.7,8952048.52
2024-09-23 08:00:00,1.7,1.73,1.682,1.698,11171041.79
2024-09-23 12:00:00,1.697,1.748,1.677,1.747,13361138.08
2024-09-23 16:00:00,1.747,1.758,1.715,1.745,6126909.98
